country_code,indicator_code,source_organization,date,value,lower_bound,upper_bound,status
AR,CPI_YOY_A,IMF,2024,219.885,-85.44275,134.09825,warning
AR,CPI_YOY_M,OECD,2024-01,254.2483,-114.76849000000003,243.96877000000003,warning
AR,CPI_YOY_M,OECD,2024-02,276.2184,-114.76849000000003,243.96877000000003,warning
AR,CPI_YOY_M,OECD,2024-03,287.8691,-114.76849000000003,243.96877000000003,warning
AR,CPI_YOY_M,OECD,2024-04,289.4049,-114.76849000000003,243.96877000000003,warning
AR,CPI_YOY_M,OECD,2024-05,276.4103,-114.76849000000003,243.96877000000003,warning
AR,CPI_YOY_M,OECD,2024-06,271.5297,-114.76849000000003,243.96877000000003,warning
AR,CPI_YOY_M,OECD,2024-07,263.4457,-114.76849000000003,243.96877000000003,warning
AR,GDP_CURRENT_LCU_A,IMF,2019,21558444000000.0,-14889093500000.0,20383717500000.0,warning
AR,GDP_CURRENT_LCU_A,IMF,2020,27209814000000.0,-14889093500000.0,20383717500000.0,warning
AR,GDP_CURRENT_LCU_A,IMF,2021,46219084000000.0,-14889093500000.0,20383717500000.0,warning
AR,GDP_CURRENT_LCU_A,IMF,2022,82810045000000.0,-14889093500000.0,20383717500000.0,warning
AR,GDP_CURRENT_LCU_A,IMF,2023,192408248000000.0,-14889093500000.0,20383717500000.0,warning
AR,GDP_CURRENT_LCU_A,IMF,2024,583909615000000.0,-14889093500000.0,20383717500000.0,warning
AR,GDP_CURRENT_LCU_A,IMF,2025,847622873000000.0,-14889093500000.0,20383717500000.0,warning
AR,GDP_CURRENT_LCU_A,IMF,2026,1159981100000000.0,-14889093500000.0,20383717500000.0,warning
AR,GDP_CURRENT_LCU_A,World Bank,2024,583909615483500.0,-362017361903850.0,512329028239250.0,warning
AR,GDP_CURRENT_LCU_A,World Bank,2025,847622872687300.0,-362017361903850.0,512329028239250.0,warning
AR,GDP_DEFLATOR_GROWTH_A,World Bank,2023,136.742358437599,-25.849908362975995,126.83385649104545,warning
AR,GDP_DEFLATOR_GROWTH_A,World Bank,2024,207.605241734472,-25.849908362975995,126.83385649104545,warning
AR,GDP_DEFLATOR_INDEX_A,IMF,2019,3109.882,-1971.983,2771.6405,warning
AR,GDP_DEFLATOR_INDEX_A,IMF,2020,4356.419,-1971.983,2771.6405,warning
AR,GDP_DEFLATOR_INDEX_A,IMF,2021,6700.264,-1971.983,2771.6405,warning
AR,GDP_DEFLATOR_INDEX_A,IMF,2022,11323.032,-1971.983,2771.6405,warning
AR,GDP_DEFLATOR_INDEX_A,IMF,2023,26806.412,-1971.983,2771.6405,warning
AR,GDP_DEFLATOR_INDEX_A,IMF,2024,82457.93,-1971.983,2771.6405,warning
AR,GDP_DEFLATOR_INDEX_A,IMF,2025,114689.822,-1971.983,2771.6405,warning
AR,GDP_DEFLATOR_INDEX_A,IMF,2026,151646.635,-1971.983,2771.6405,warning
AR,GDP_DEFLATOR_INDEX_A,World Bank,2024,82457.9297837236,-50090.17423094542,70930.8943488767,warning
AR,GDP_DEFLATOR_INDEX_A,World Bank,2025,114689.822484813,-50090.17423094542,70930.8943488767,warning
AR,GDP_REAL_LCU_A,World Bank,2020,624591286200.0,627587662800.0,796201710500.0,warning
BR,CPI_YOY_A,IMF,1988,629.118,-335.32550000000003,458.65650000000005,warning
BR,CPI_YOY_A,IMF,1989,1430.724,-335.32550000000003,458.65650000000005,warning
BR,CPI_YOY_A,IMF,1990,2947.733,-335.32550000000003,458.65650000000005,warning
BR,CPI_YOY_A,IMF,1992,951.956,-335.32550000000003,458.65650000000005,warning
BR,CPI_YOY_A,IMF,1993,1927.381,-335.32550000000003,458.65650000000005,warning
BR,CPI_YOY_A,IMF,1994,2075.827,-335.32550000000003,458.65650000000005,warning
BR,RESERVES_USD_A,World Bank,2022,324673449781.4,330480116584.7446,388434766050.99286,warning
BR,RESERVES_USD_A,World Bank,2024,329732443813.378,330480116584.7446,388434766050.99286,warning
CN,CN_CPI_YOY_M,National Bureau of Statistics of China,2024-01,-0.8,-0.575,1.175,warning
CN,CPI_YOY_A,IMF,1988,18.8,-10.6765,17.204500000000003,warning
CN,CPI_YOY_A,IMF,1989,18.0,-10.6765,17.204500000000003,warning
CN,CPI_YOY_A,IMF,1994,24.283,-10.6765,17.204500000000003,warning
CN,CPI_YOY_M,National Bureau of Statistics of China,2024-01,-0.8,-0.575,1.175,warning
CN,CURRENT_ACCOUNT_GDP_A,IMF,2007,9.774,-4.284749999999999,9.61375,warning
CN,GOV_NET_LENDING_GDP_A,IMF,2020,-9.563,-9.275,5.7330000000000005,warning
CN,GROSS_CAPITAL_FORMATION_GDP_A,World Bank,2024,40.4815134449629,40.734042233801155,44.1378588904748,warning
CN,UNEMPLOYMENT_RATE_A,IMF,2020,5.617,4.79925,5.5009999999999994,warning
CN,UNEMPLOYMENT_RATE_A,IMF,2022,5.583,4.79925,5.5009999999999994,warning
CN,UNEMPLOYMENT_RATE_A,World Bank,2020,5.0,4.239999999999998,4.975000000000001,warning
CN,UNEMPLOYMENT_RATE_A,World Bank,2022,4.98,4.239999999999998,4.975000000000001,warning
DE,CPI_YOY_A,IMF,2022,8.673,-3.111999999999999,7.121999999999999,warning
DE,CPI_YOY_M,Eurostat,2022-03,7.6,-3.4750000000000005,7.375,warning
DE,CPI_YOY_M,Eurostat,2022-04,7.8,-3.4750000000000005,7.375,warning
DE,CPI_YOY_M,Eurostat,2022-05,8.7,-3.4750000000000005,7.375,warning
DE,CPI_YOY_M,Eurostat,2022-06,8.2,-3.4750000000000005,7.375,warning
DE,CPI_YOY_M,Eurostat,2022-07,8.5,-3.4750000000000005,7.375,warning
DE,CPI_YOY_M,Eurostat,2022-08,8.8,-3.4750000000000005,7.375,warning
DE,CPI_YOY_M,Eurostat,2022-09,10.9,-3.4750000000000005,7.375,warning
DE,CPI_YOY_M,Eurostat,2022-10,11.6,-3.4750000000000005,7.375,warning
DE,CPI_YOY_M,Eurostat,2022-11,11.3,-3.4750000000000005,7.375,warning
DE,CPI_YOY_M,Eurostat,2022-12,9.6,-3.4750000000000005,7.375,warning
DE,CPI_YOY_M,Eurostat,2023-01,9.2,-3.4750000000000005,7.375,warning
DE,CPI_YOY_M,Eurostat,2023-02,9.3,-3.4750000000000005,7.375,warning
DE,CPI_YOY_M,Eurostat,2023-03,7.8,-3.4750000000000005,7.375,warning
DE,CPI_YOY_M,Eurostat,2023-04,7.6,-3.4750000000000005,7.375,warning
DE,CPI_YOY_M,OECD,2022-05,7.017544,-3.1188552499999997,6.888762999999999,warning
DE,CPI_YOY_M,OECD,2022-08,6.956522,-3.1188552499999997,6.888762999999999,warning
DE,CPI_YOY_M,OECD,2022-09,8.574182,-3.1188552499999997,6.888762999999999,warning
DE,CPI_YOY_M,OECD,2022-10,8.820709,-3.1188552499999997,6.888762999999999,warning
DE,CPI_YOY_M,OECD,2022-11,8.803827,-3.1188552499999997,6.888762999999999,warning
DE,CPI_YOY_M,OECD,2022-12,8.118434,-3.1188552499999997,6.888762999999999,warning
DE,CPI_YOY_M,OECD,2023-01,8.65019,-3.1188552499999997,6.888762999999999,warning
DE,CPI_YOY_M,OECD,2023-02,8.679245,-3.1188552499999997,6.888762999999999,warning
DE,CPI_YOY_M,OECD,2023-03,7.400555,-3.1188552499999997,6.888762999999999,warning
DE,CPI_YOY_M,OECD,2023-04,7.169117,-3.1188552499999997,6.888762999999999,warning
DE,GDP_REAL_GROWTH_YOY_Q,Eurostat,2020-Q2,-10.6,-6.2,8.325000000000001,warning
DE,GDP_REAL_GROWTH_YOY_Q,Eurostat,2021-Q2,11.6,-6.2,8.325000000000001,warning
DE,TRADE_GDP_A,World Bank,2022,88.7857542130501,71.85570072484822,85.27239025029553,warning
EA,CPI_YOY_M,Eurostat,2022-05,8.1,-4.7,7.9,warning
EA,CPI_YOY_M,Eurostat,2022-06,8.7,-4.7,7.9,warning
EA,CPI_YOY_M,Eurostat,2022-07,8.9,-4.7,7.9,warning
EA,CPI_YOY_M,Eurostat,2022-08,9.2,-4.7,7.9,warning
EA,CPI_YOY_M,Eurostat,2022-09,9.9,-4.7,7.9,warning
EA,CPI_YOY_M,Eurostat,2022-10,10.6,-4.7,7.9,warning
EA,CPI_YOY_M,Eurostat,2022-11,10.1,-4.7,7.9,warning
EA,CPI_YOY_M,Eurostat,2022-12,9.2,-4.7,7.9,warning
EA,CPI_YOY_M,Eurostat,2023-01,8.7,-4.7,7.9,warning
EA,CPI_YOY_M,Eurostat,2023-02,8.5,-4.7,7.9,warning
EA,CPI_YOY_M,OECD,2022-05,8.1,-4.7,7.9,warning
EA,CPI_YOY_M,OECD,2022-06,8.7,-4.7,7.9,warning
EA,CPI_YOY_M,OECD,2022-07,8.9,-4.7,7.9,warning
EA,CPI_YOY_M,OECD,2022-08,9.2,-4.7,7.9,warning
EA,CPI_YOY_M,OECD,2022-09,9.9,-4.7,7.9,warning
EA,CPI_YOY_M,OECD,2022-10,10.6,-4.7,7.9,warning
EA,CPI_YOY_M,OECD,2022-11,10.1,-4.7,7.9,warning
EA,CPI_YOY_M,OECD,2022-12,9.2,-4.7,7.9,warning
EA,CPI_YOY_M,OECD,2023-01,8.7,-4.7,7.9,warning
EA,CPI_YOY_M,OECD,2023-02,8.5,-4.7,7.9,warning
EA,GDP_REAL_GROWTH_YOY_Q,Eurostat,2020-Q1,-2.8,-2.725,5.8500000000000005,warning
EA,GDP_REAL_GROWTH_YOY_Q,Eurostat,2020-Q2,-13.9,-2.725,5.8500000000000005,warning
EA,GDP_REAL_GROWTH_YOY_Q,Eurostat,2020-Q3,-4.2,-2.725,5.8500000000000005,warning
EA,GDP_REAL_GROWTH_YOY_Q,Eurostat,2020-Q4,-3.8,-2.725,5.8500000000000005,warning
EA,GDP_REAL_GROWTH_YOY_Q,Eurostat,2021-Q2,15.3,-2.725,5.8500000000000005,warning
EA,INDUSTRIAL_PRODUCTION_INDEX_M,Eurostat,2020-03,87.4,87.47500000000001,109.69999999999999,warning
EA,INDUSTRIAL_PRODUCTION_INDEX_M,Eurostat,2020-04,71.2,87.47500000000001,109.69999999999999,warning
EA,INDUSTRIAL_PRODUCTION_INDEX_M,Eurostat,2020-05,81.2,87.47500000000001,109.69999999999999,warning
ES,GDP_REAL_GROWTH_YOY_A,IMF,2020,-10.94,-6.158,11.4295,warning
ES,GDP_REAL_GROWTH_YOY_A,World Bank,2020,-10.9400706350371,-1.561642745871655,7.74783774281424,warning
ES,GDP_REAL_GROWTH_YOY_Q,Eurostat,2020-Q1,-4.2,-2.2000000000000006,8.125,warning
ES,GDP_REAL_GROWTH_YOY_Q,Eurostat,2020-Q2,-21.5,-2.2000000000000006,8.125,warning
ES,GDP_REAL_GROWTH_YOY_Q,Eurostat,2020-Q3,-9.1,-2.2000000000000006,8.125,warning
ES,GDP_REAL_GROWTH_YOY_Q,Eurostat,2020-Q4,-9.0,-2.2000000000000006,8.125,warning
ES,GDP_REAL_GROWTH_YOY_Q,Eurostat,2021-Q1,-2.9,-2.2000000000000006,8.125,warning
ES,GDP_REAL_GROWTH_YOY_Q,Eurostat,2021-Q2,19.8,-2.2000000000000006,8.125,warning
ES,GOV_DEBT_GDP_A,World Bank,2020,138.955245532848,92.30686523370304,124.53879143524446,warning
ES,GOV_DEBT_GDP_A,World Bank,2021,132.547539168518,92.30686523370304,124.53879143524446,warning
ES,GOV_NET_LENDING_GDP_A,World Bank,2020,-9.70781446209487,-7.285057185062865,0.5004588247145194,warning
ES,GOV_REVENUE_GDP_A,IMF,1980,28.171,28.71500000000001,47.03399999999999,warning
ES,IMPORTS_GROWTH_A,World Bank,2020,-15.1484806898574,-11.471193467858939,19.919785076157233,warning
ES,INDUSTRIAL_PRODUCTION_INDEX_M,Eurostat,2020-03,87.7,89.99999999999997,111.70000000000003,warning
ES,INDUSTRIAL_PRODUCTION_INDEX_M,Eurostat,2020-04,67.3,89.99999999999997,111.70000000000003,warning
ES,INDUSTRIAL_PRODUCTION_INDEX_M,Eurostat,2020-05,77.7,89.99999999999997,111.70000000000003,warning
ES,INDUSTRIAL_PRODUCTION_INDEX_M,Eurostat,2020-06,87.4,89.99999999999997,111.70000000000003,warning
FR,CPI_YOY_A,IMF,1980,13.057,-3.6479999999999997,7.863499999999999,warning
FR,CPI_YOY_A,IMF,1981,13.333,-3.6479999999999997,7.863499999999999,warning
FR,CPI_YOY_A,IMF,1982,11.978,-3.6479999999999997,7.863499999999999,warning
FR,CPI_YOY_A,IMF,1983,9.46,-3.6479999999999997,7.863499999999999,warning
FR,EXPORTS_GROWTH_A,World Bank,2020,-16.5719687184247,-5.016758906102664,11.57792837365061,warning
FR,GDP_REAL_GROWTH_YOY_A,IMF,2020,-7.603,-3.286500000000001,6.839000000000001,warning
FR,GDP_REAL_GROWTH_YOY_A,World Bank,2020,-7.44064589948231,-2.313020339732235,5.331943913444742,warning
FR,GDP_REAL_GROWTH_YOY_A,World Bank,2021,6.88233783360239,-2.313020339732235,5.331943913444742,warning
FR,GDP_REAL_GROWTH_YOY_Q,Eurostat,2020-Q1,-5.0,-2.925,5.825,warning
FR,GDP_REAL_GROWTH_YOY_Q,Eurostat,2020-Q2,-17.0,-2.925,5.825,warning
FR,GDP_REAL_GROWTH_YOY_Q,Eurostat,2020-Q3,-4.5,-2.925,5.825,warning
FR,GDP_REAL_GROWTH_YOY_Q,Eurostat,2020-Q4,-4.0,-2.925,5.825,warning
FR,GDP_REAL_GROWTH_YOY_Q,Eurostat,2021-Q2,17.0,-2.925,5.825,warning
FR,IMPORTS_GROWTH_A,World Bank,2020,-12.2379249320294,-12.07168721551105,18.04279005115939,warning
FR,INDUSTRIAL_PRODUCTION_INDEX_M,Eurostat,2020-03,86.9,92.55000000000001,113.02499999999999,warning
FR,INDUSTRIAL_PRODUCTION_INDEX_M,Eurostat,2020-04,67.4,92.55000000000001,113.02499999999999,warning
FR,INDUSTRIAL_PRODUCTION_INDEX_M,Eurostat,2020-05,81.9,92.55000000000001,113.02499999999999,warning
FR,URBAN_POPULATION_RATE_A,World Bank,2015,77.7610919150066,78.327010675108,79.1019133655355,warning
GB,CPI_YOY_A,IMF,1980,16.849,-6.136000000000002,12.400000000000002,warning
GB,EXPORTS_GROWTH_A,World Bank,2020,-12.0150117979874,-4.90644084791389,10.31360372367244,warning
GB,EXPORTS_GROWTH_A,World Bank,2022,15.2137543857681,-4.90644084791389,10.31360372367244,warning
GB,GDP_REAL_GROWTH_YOY_A,IMF,2020,-10.048,-4.724499999999999,9.033999999999999,warning
GB,GDP_REAL_GROWTH_YOY_A,World Bank,2020,-10.047896637362,-3.171461274743341,6.954620560219846,warning
GB,GDP_REAL_GROWTH_YOY_A,World Bank,2021,8.5431118453255,-3.171461274743341,6.954620560219846,warning
GB,GROSS_CAPITAL_FORMATION_GDP_A,IMF,1987,21.586,15.851500000000009,21.566999999999993,warning
GB,GROSS_CAPITAL_FORMATION_GDP_A,IMF,1988,23.872,15.851500000000009,21.566999999999993,warning
GB,GROSS_CAPITAL_FORMATION_GDP_A,IMF,1989,25.008,15.851500000000009,21.566999999999993,warning
GB,GROSS_CAPITAL_FORMATION_GDP_A,IMF,1990,23.432,15.851500000000009,21.566999999999993,warning
GB,GROSS_CAPITAL_FORMATION_GDP_A,IMF,2009,15.837,15.851500000000009,21.566999999999993,warning
GB,IMPORTS_GROWTH_A,World Bank,2020,-15.1835097120175,-2.6295282242398006,10.208026597503565,warning
GB,IMPORTS_GROWTH_A,World Bank,2022,13.9142510776215,-2.6295282242398006,10.208026597503565,warning
ID,CPI_YOY_A,IMF,1998,58.447,-12.481499999999997,26.113,warning
ID,FDI_NET_INFLOWS_GDP_A,World Bank,2016,0.487372471368879,0.781249824392195,2.819676562603415,warning
ID,GDP_REAL_GROWTH_YOY_A,IMF,1998,-13.127,-1.9399999999999977,13.851999999999997,warning
ID,GDP_REAL_GROWTH_YOY_A,IMF,2020,-2.066,-1.9399999999999977,13.851999999999997,warning
ID,GDP_REAL_GROWTH_YOY_A,World Bank,2020,-2.06551182934165,4.524407542773984,5.512334920432746,warning
ID,GDP_REAL_GROWTH_YOY_A,World Bank,2021,3.70288562827751,4.524407542773984,5.512334920432746,warning
ID,GOV_DEBT_GDP_A,IMF,2000,87.437,-13.994,82.78800000000001,warning
ID,GROSS_CAPITAL_FORMATION_GDP_A,IMF,1999,13.64,15.685000000000002,49.3935,warning
IN,CURRENT_ACCOUNT_GDP_A,IMF,2003,2.317,-5.047499999999999,2.2044999999999995,warning
IN,CURRENT_ACCOUNT_GDP_A,World Bank,2020,1.22362111042791,-2.945319062096107,1.002215262090346,warning
IN,DOMESTIC_CREDIT_PRIVATE_GDP_A,World Bank,2015,51.8675240772049,29.02618630113541,50.41964993733144,warning
IN,GDP_REAL_GROWTH_YOY_A,IMF,2020,-5.778,-3.7165000000000017,16.1565,warning
IN,GDP_REAL_GROWTH_YOY_A,World Bank,2020,-5.77772470687303,3.0900413828947375,11.337385380780383,warning
IN,GOV_NET_LENDING_GDP_A,World Bank,2022,-5.2600268875823,-3.84769004761061,-1.3466357167959897,warning
IN,GOV_REVENUE_GDP_A,World Bank,2022,9.37969496475912,11.107787203147403,14.158439328484997,warning
IN,TAX_REVENUE_GDP_A,World Bank,2022,6.93372148022965,8.116504268447905,13.840648763336995,warning
IT,CPI_YOY_A,IMF,1980,21.8,-10.328500000000002,17.5805,warning
IT,CPI_YOY_A,IMF,1981,19.51,-10.328500000000002,17.5805,warning
IT,CPI_YOY_A,World Bank,2022,8.20128991161718,-3.808102614382961,5.835847053171104,warning
IT,CPI_YOY_M,Eurostat,2022-02,6.2,-3.9750000000000005,6.0,warning
IT,CPI_YOY_M,Eurostat,2022-03,6.8,-3.9750000000000005,6.0,warning
IT,CPI_YOY_M,Eurostat,2022-04,6.3,-3.9750000000000005,6.0,warning
IT,CPI_YOY_M,Eurostat,2022-05,7.3,-3.9750000000000005,6.0,warning
IT,CPI_YOY_M,Eurostat,2022-06,8.5,-3.9750000000000005,6.0,warning
IT,CPI_YOY_M,Eurostat,2022-07,8.4,-3.9750000000000005,6.0,warning
IT,CPI_YOY_M,Eurostat,2022-08,9.1,-3.9750000000000005,6.0,warning
IT,CPI_YOY_M,Eurostat,2022-09,9.4,-3.9750000000000005,6.0,warning
IT,CPI_YOY_M,Eurostat,2022-10,12.6,-3.9750000000000005,6.0,warning
IT,CPI_YOY_M,Eurostat,2022-11,12.6,-3.9750000000000005,6.0,warning
IT,CPI_YOY_M,Eurostat,2022-12,12.3,-3.9750000000000005,6.0,warning
IT,CPI_YOY_M,Eurostat,2023-01,10.7,-3.9750000000000005,6.0,warning
IT,CPI_YOY_M,Eurostat,2023-02,9.8,-3.9750000000000005,6.0,warning
IT,CPI_YOY_M,Eurostat,2023-03,8.1,-3.9750000000000005,6.0,warning
IT,CPI_YOY_M,Eurostat,2023-04,8.6,-3.9750000000000005,6.0,warning
IT,CPI_YOY_M,Eurostat,2023-05,8.0,-3.9750000000000005,6.0,warning
IT,CPI_YOY_M,Eurostat,2023-06,6.7,-3.9750000000000005,6.0,warning
IT,CPI_YOY_M,Eurostat,2023-07,6.3,-3.9750000000000005,6.0,warning
IT,CPI_YOY_M,OECD,2022-03,6.460945,-3.90575755,5.763941475,warning
IT,CPI_YOY_M,OECD,2022-04,5.955812,-3.90575755,5.763941475,warning
IT,CPI_YOY_M,OECD,2022-05,6.820365,-3.90575755,5.763941475,warning
IT,CPI_YOY_M,OECD,2022-06,7.965451,-3.90575755,5.763941475,warning
IT,CPI_YOY_M,OECD,2022-07,7.927412,-3.90575755,5.763941475,warning
IT,CPI_YOY_M,OECD,2022-08,8.372978,-3.90575755,5.763941475,warning
IT,CPI_YOY_M,OECD,2022-09,8.865586,-3.90575755,5.763941475,warning
IT,CPI_YOY_M,OECD,2022-10,11.83712,-3.90575755,5.763941475,warning
IT,CPI_YOY_M,OECD,2022-11,11.77024,-3.90575755,5.763941475,warning
IT,CPI_YOY_M,OECD,2022-12,11.63227,-3.90575755,5.763941475,warning
IT,CPI_YOY_M,OECD,2023-01,9.9723,-3.90575755,5.763941475,warning
IT,CPI_YOY_M,OECD,2023-02,9.149131,-3.90575755,5.763941475,warning
IT,CPI_YOY_M,OECD,2023-03,7.608696,-3.90575755,5.763941475,warning
IT,CPI_YOY_M,OECD,2023-04,8.159565,-3.90575755,5.763941475,warning
IT,CPI_YOY_M,OECD,2023-05,7.643885,-3.90575755,5.763941475,warning
IT,CPI_YOY_M,OECD,2023-06,6.4,-3.90575755,5.763941475,warning
IT,CPI_YOY_M,OECD,2023-07,5.929204,-3.90575755,5.763941475,warning
IT,EXPORTS_GROWTH_A,World Bank,2020,-13.7093790297645,-11.946174222308299,17.14368239314758,warning
IT,GDP_DEFLATOR_GROWTH_A,World Bank,2023,6.26000409007918,-1.7077797630809601,4.7475595082706405,warning
IT,GDP_REAL_GROWTH_YOY_A,IMF,2009,-5.305,-5.3015,8.3065,warning
IT,GDP_REAL_GROWTH_YOY_A,IMF,2020,-8.868,-5.3015,8.3065,warning
IT,GDP_REAL_GROWTH_YOY_A,IMF,2021,8.931,-5.3015,8.3065,warning
IT,GDP_REAL_GROWTH_YOY_A,World Bank,2020,-8.86822122185345,-1.61463601297595,3.69590791803238,warning
IT,GDP_REAL_GROWTH_YOY_A,World Bank,2021,8.93106210800055,-1.61463601297595,3.69590791803238,warning
IT,GDP_REAL_GROWTH_YOY_A,World Bank,2022,4.82117669913565,-1.61463601297595,3.69590791803238,warning
IT,GDP_REAL_GROWTH_YOY_Q,Eurostat,2020-Q1,-6.1,-2.925,5.125,warning
IT,GDP_REAL_GROWTH_YOY_Q,Eurostat,2020-Q2,-18.1,-2.925,5.125,warning
IT,GDP_REAL_GROWTH_YOY_Q,Eurostat,2020-Q3,-6.0,-2.925,5.125,warning
IT,GDP_REAL_GROWTH_YOY_Q,Eurostat,2020-Q4,-5.5,-2.925,5.125,warning
IT,GDP_REAL_GROWTH_YOY_Q,Eurostat,2021-Q2,19.3,-2.925,5.125,warning
IT,GDP_REAL_GROWTH_YOY_Q,Eurostat,2021-Q3,7.0,-2.925,5.125,warning
IT,GDP_REAL_GROWTH_YOY_Q,Eurostat,2021-Q4,8.4,-2.925,5.125,warning
IT,GDP_REAL_GROWTH_YOY_Q,Eurostat,2022-Q1,7.4,-2.925,5.125,warning
IT,GDP_REAL_GROWTH_YOY_Q,Eurostat,2022-Q2,6.4,-2.925,5.125,warning
IT,INDUSTRIAL_PRODUCTION_INDEX_M,Eurostat,2020-03,70.7,77.97500000000001,116.82499999999999,warning
IT,INDUSTRIAL_PRODUCTION_INDEX_M,Eurostat,2020-04,55.6,77.97500000000001,116.82499999999999,warning
IT,TAX_REVENUE_GDP_A,World Bank,2024,25.6045418430039,24.07463085205155,25.465020118370926,warning
JP,EXPORTS_GROWTH_A,World Bank,2020,-11.711398580628,-10.541154575579203,16.570800787791846,warning
JP,GDP_CURRENT_LCU_A,IMF,1980,261927000000000.0,346596050000000.0,705126250000000.0,warning
JP,GDP_CURRENT_LCU_A,IMF,1981,280890400000000.03,346596050000000.0,705126250000000.0,warning
JP,GDP_CURRENT_LCU_A,IMF,1982,295207200000000.0,346596050000000.0,705126250000000.0,warning
JP,GDP_CURRENT_LCU_A,IMF,1983,308740800000000.0,346596050000000.0,705126250000000.0,warning
JP,GDP_CURRENT_LCU_A,IMF,1984,326967500000000.0,346596050000000.0,705126250000000.0,warning
JP,GDP_REAL_GROWTH_YOY_A,World Bank,2020,-4.28327942675573,-3.502842675348609,5.212842869379299,warning
JP,MILITARY_EXPENDITURE_GDP_A,World Bank,2024,1.37139689580634,0.6481358778191644,1.3550218073345692,warning
MX,CPI_YOY_A,IMF,1983,101.805,-57.36000000000001,85.965,warning
MX,CPI_YOY_A,IMF,1986,86.449,-57.36000000000001,85.965,warning
MX,CPI_YOY_A,IMF,1987,131.959,-57.36000000000001,85.965,warning
MX,CPI_YOY_A,IMF,1988,113.503,-57.36000000000001,85.965,warning
MX,CURRENT_ACCOUNT_GDP_A,IMF,1983,7.397,-8.041,5.2764999999999995,warning
MX,CURRENT_ACCOUNT_GDP_A,IMF,1992,-8.452,-8.041,5.2764999999999995,warning
MX,GDP_REAL_GROWTH_YOY_A,IMF,2020,-8.354,-7.271,12.1785,warning
MX,GDP_REAL_GROWTH_YOY_A,World Bank,2020,-8.35403459379062,-4.889160225095714,8.749850031784412,warning
MX,GOV_DEBT_GDP_A,World Bank,2024,50.270950655733,39.77013236109199,50.08856801284311,warning
MX,GROSS_CAPITAL_FORMATION_GDP_A,IMF,1980,29.559,17.5705,28.1335,warning
MX,GROSS_CAPITAL_FORMATION_GDP_A,IMF,1981,29.771,17.5705,28.1335,warning
MX,IMPORTS_GROWTH_A,World Bank,2020,-11.9908344142519,-5.60695232459688,14.051322557285644,warning
MX,IMPORTS_GROWTH_A,World Bank,2021,15.7478521847059,-5.60695232459688,14.051322557285644,warning
MX,LIFE_EXPECTANCY_A,World Bank,2020,70.449,72.66425,75.88600000000001,warning
MX,LIFE_EXPECTANCY_A,World Bank,2021,69.75,72.66425,75.88600000000001,warning
SA,GDP_REAL_GROWTH_YOY_A,IMF,1982,-16.109,-14.613,20.4115,warning
SA,INTERNET_USERS_RATE_A,World Bank,2015,69.6162358014004,74.1056051554952,119.4207961333786,warning
SA,SCHOOL_ENROLLMENT_TERTIARY_A,World Bank,2015,57.0892771397236,59.811077475772805,85.32854339463519,warning
SA,TRADE_GDP_A,World Bank,2015,67.1052692300592,48.867950323549465,65.74553949049458,warning
SA,TRADE_GDP_A,World Bank,2020,47.533159225048,48.867950323549465,65.74553949049458,warning
SA,UNEMPLOYMENT_RATE_A,IMF,2020,7.65,3.3644999999999996,7.64325,warning
TR,BROAD_MONEY_GDP_A,World Bank,2021,69.89419042803,40.06036747215445,68.65367293947196,warning
TR,GDP_CURRENT_LCU_A,IMF,2022,15325858000000.0,-6619875500000.0,8829271500000.0,warning
TR,GDP_CURRENT_LCU_A,IMF,2023,27091469000000.0,-6619875500000.0,8829271500000.0,warning
TR,GDP_CURRENT_LCU_A,IMF,2024,44587226000000.0,-6619875500000.0,8829271500000.0,warning
TR,GDP_CURRENT_LCU_A,IMF,2025,63020906000000.0,-6619875500000.0,8829271500000.0,warning
TR,GDP_CURRENT_LCU_A,IMF,2026,81325972000000.0,-6619875500000.0,8829271500000.0,warning
TR,GDP_DEFLATOR_INDEX_A,IMF,2022,711.758,-441.9925,589.8425,warning
TR,GDP_DEFLATOR_INDEX_A,IMF,2023,1197.744,-441.9925,589.8425,warning
TR,GDP_DEFLATOR_INDEX_A,IMF,2024,1907.768,-441.9925,589.8425,warning
TR,GDP_DEFLATOR_INDEX_A,IMF,2025,2602.679,-441.9925,589.8425,warning
TR,GDP_DEFLATOR_INDEX_A,IMF,2026,3249.274,-441.9925,589.8425,warning
TR,GOV_EXPENSE_GDP_A,IMF,2001,43.941,26.278999999999996,40.916000000000004,warning
TR,GOV_EXPENSE_GDP_A,IMF,2002,40.923,26.278999999999996,40.916000000000004,warning
US,CPI_YOY_A,IMF,1980,13.502,-2.6815,8.48,warning
US,CPI_YOY_A,IMF,1981,10.378,-2.6815,8.48,warning
US,CPI_YOY_M,FRED,2022-03,8.572204966013853,-3.099477484663022,8.340840063536726,warning
US,CPI_YOY_M,FRED,2022-05,8.538171195642065,-3.099477484663022,8.340840063536726,warning
US,CPI_YOY_M,FRED,2022-06,8.979361103105798,-3.099477484663022,8.340840063536726,warning
US,CPI_YOY_M,FRED,2022-07,8.462576727730099,-3.099477484663022,8.340840063536726,warning
US,CPI_YOY_M,OECD,2022-03,8.542456,-3.4575964999999993,8.423058999999999,warning
US,CPI_YOY_M,OECD,2022-05,8.581511,-3.4575964999999993,8.423058999999999,warning
US,CPI_YOY_M,OECD,2022-06,9.059758,-3.4575964999999993,8.423058999999999,warning
US,CPI_YOY_M,OECD,2022-07,8.524815,-3.4575964999999993,8.423058999999999,warning
US,EXPORTS_GROWTH_A,World Bank,2020,-12.6227811957752,-10.033294274911825,14.518699915777521,warning
US,GDP_REAL_GROWTH_YOY_A,World Bank,2020,-2.081375977796,0.4181379999937196,4.831320967095266,warning
US,GDP_REAL_GROWTH_YOY_A,World Bank,2021,6.15202247867526,0.4181379999937196,4.831320967095266,warning
US,GOV_EXPENSE_GDP_A,World Bank,2020,31.7966159134937,15.654260000318097,31.332569873307502,warning
US,GROSS_CAPITAL_FORMATION_GDP_A,World Bank,2016,20.8879562484549,20.924769704857233,22.053704873566645,warning
US,INDUSTRIAL_OUTPUT_YOY_M,FRED,2020-04,-17.318282261376304,-10.540839094284214,11.120748029596715,warning
US,INDUSTRIAL_OUTPUT_YOY_M,FRED,2020-05,-16.047738104539413,-10.540839094284214,11.120748029596715,warning
US,INDUSTRIAL_OUTPUT_YOY_M,FRED,2020-06,-10.586064673581452,-10.540839094284214,11.120748029596715,warning
US,INDUSTRIAL_OUTPUT_YOY_M,FRED,2021-04,16.55213518144698,-10.540839094284214,11.120748029596715,warning
US,INDUSTRIAL_OUTPUT_YOY_M,FRED,2021-05,15.673379835366053,-10.540839094284214,11.120748029596715,warning
US,SCHOOL_ENROLLMENT_TERTIARY_A,World Bank,2022,79.361930847168,82.25861740112302,93.06404495239255,warning
US,US_INDUSTRIAL_PRODUCTION_M,FRED,2020-04,84.5619,93.72517499999995,107.28732500000004,warning
US,US_INDUSTRIAL_PRODUCTION_M,FRED,2020-05,85.9604,93.72517499999995,107.28732500000004,warning
US,US_INDUSTRIAL_PRODUCTION_M,FRED,2020-06,91.5934,93.72517499999995,107.28732500000004,warning
US,US_UNEMPLOYMENT_RATE_M,FRED,2020-04,14.8,0.4999999999999982,8.200000000000003,warning
US,US_UNEMPLOYMENT_RATE_M,FRED,2020-05,13.2,0.4999999999999982,8.200000000000003,warning
US,US_UNEMPLOYMENT_RATE_M,FRED,2020-06,11.0,0.4999999999999982,8.200000000000003,warning
US,US_UNEMPLOYMENT_RATE_M,FRED,2020-07,10.2,0.4999999999999982,8.200000000000003,warning
US,US_UNEMPLOYMENT_RATE_M,FRED,2020-08,8.4,0.4999999999999982,8.200000000000003,warning
VN,CPI_YOY_A,IMF,1986,453.538,-78.1185,112.1275,warning
VN,CPI_YOY_A,IMF,1987,360.357,-78.1185,112.1275,warning
VN,CPI_YOY_A,IMF,1988,374.354,-78.1185,112.1275,warning
VN,CPI_YOY_A,World Bank,2015,0.631200905175685,0.682768642956149,5.464392294307271,warning
VN,GDP_REAL_GROWTH_YOY_A,IMF,1980,-3.497,-0.6579999999999977,13.912499999999998,warning
ZA,FDI_NET_INFLOWS_GDP_A,World Bank,2021,9.68098022663018,-1.7914217088364455,3.6958888892865365,warning
ZA,GDP_REAL_GROWTH_YOY_A,World Bank,2020,-6.1689177146757,-1.9191774464720652,3.958198408353218,warning
ZA,GDP_REAL_GROWTH_YOY_A,World Bank,2021,4.85864865060148,-1.9191774464720652,3.958198408353218,warning
ZA,GOV_NET_LENDING_GDP_A,World Bank,2020,-9.92664872393274,-8.260940437816787,-1.8327147146858582,warning
ZA,GROSS_CAPITAL_FORMATION_GDP_A,IMF,1980,29.684,5.624999999999993,29.05050000000001,warning
ZA,GROSS_CAPITAL_FORMATION_GDP_A,IMF,1981,31.905,5.624999999999993,29.05050000000001,warning
ZA,GROSS_SAVINGS_GDP_A,IMF,1980,33.361,3.2985000000000007,28.9675,warning
