country_code,indicator_code,source_organization,frequency,row_count,valid_rows,valid_rate,start_date,end_date,span_years,freshness_days
US,EXCHANGE_RATE_USD_D,BIS,D,3190,3190,1.0,2015-01-01,2026-08-11,11.0,6.0
EA,EUR_USD_EXCHANGE_RATE_D,ECB,D,2974,2974,1.0,2015-01-02,2026-08-14,11.0,3.0
EA,EXCHANGE_RATE_USD_D,ECB,D,2974,2974,1.0,2015-01-02,2026-08-14,11.0,3.0
IN,EXCHANGE_RATE_USD_D,BIS,D,2971,2971,1.0,2015-01-02,2026-08-11,11.0,6.0
EA,EXCHANGE_RATE_USD_D,BIS,D,2971,2971,1.0,2015-01-02,2026-08-11,11.0,6.0
DE,EXCHANGE_RATE_USD_D,BIS,D,2971,2971,1.0,2015-01-02,2026-08-11,11.0,6.0
MX,EXCHANGE_RATE_USD_D,BIS,D,2971,2971,1.0,2015-01-02,2026-08-11,11.0,6.0
ZA,EXCHANGE_RATE_USD_D,BIS,D,2971,2971,1.0,2015-01-02,2026-08-11,11.0,6.0
JP,EXCHANGE_RATE_USD_D,BIS,D,2971,2971,1.0,2015-01-02,2026-08-11,11.0,6.0
BR,EXCHANGE_RATE_USD_D,BIS,D,2971,2971,1.0,2015-01-02,2026-08-11,11.0,6.0
TR,EXCHANGE_RATE_USD_D,BIS,D,2971,2971,1.0,2015-01-02,2026-08-11,11.0,6.0
CN,EXCHANGE_RATE_USD_D,BIS,D,2971,2971,1.0,2015-01-02,2026-08-11,11.0,6.0
GB,EXCHANGE_RATE_USD_D,BIS,D,2971,2971,1.0,2015-01-02,2026-08-11,11.0,6.0
EA,EXCHANGE_RATE_USD_M,ECB,M,140,140,1.0,2015-01,2026-08,11.0,16.0
EA,EXCHANGE_RATE_USD_M,BIS,M,140,140,1.0,2015-01,2026-08,11.0,16.0
JP,EXCHANGE_RATE_USD_M,BIS,M,140,140,1.0,2015-01,2026-08,11.0,16.0
ZA,EXCHANGE_RATE_USD_M,BIS,M,140,140,1.0,2015-01,2026-08,11.0,16.0
US,EXCHANGE_RATE_USD_M,BIS,M,140,140,1.0,2015-01,2026-08,11.0,16.0
GB,EXCHANGE_RATE_USD_M,BIS,M,140,140,1.0,2015-01,2026-08,11.0,16.0
IN,EXCHANGE_RATE_USD_M,BIS,M,140,140,1.0,2015-01,2026-08,11.0,16.0
BR,EXCHANGE_RATE_USD_M,BIS,M,140,140,1.0,2015-01,2026-08,11.0,16.0
CN,EXCHANGE_RATE_USD_M,BIS,M,140,140,1.0,2015-01,2026-08,11.0,16.0
MX,EXCHANGE_RATE_USD_M,BIS,M,140,140,1.0,2015-01,2026-08,11.0,16.0
DE,EXCHANGE_RATE_USD_M,BIS,M,140,140,1.0,2015-01,2026-08,11.0,16.0
TR,EXCHANGE_RATE_USD_M,BIS,M,140,140,1.0,2015-01,2026-08,11.0,16.0
US,US_NONFARM_PAYROLLS_M,FRED,M,139,139,1.0,2015-01,2026-07,11.0,47.0
US,US_10Y_TREASURY_RATE_M,FRED,M,139,139,1.0,2015-01,2026-07,11.0,47.0
US,US_PPI_INDEX_M,FRED,M,139,139,1.0,2015-01,2026-07,11.0,47.0
US,US_RETAIL_SALES_M,FRED,M,139,139,1.0,2015-01,2026-07,11.0,47.0
ID,CPI_YOY_M,OECD,M,139,139,1.0,2015-01,2026-07,11.0,47.0
US,US_2Y_TREASURY_RATE_M,FRED,M,139,139,1.0,2015-01,2026-07,11.0,47.0
US,US_FED_FUNDS_RATE_M,FRED,M,139,139,1.0,2015-01,2026-07,11.0,47.0
US,US_HOUSING_STARTS_M,FRED,M,138,138,1.0,2015-01,2026-06,11.0,77.0
ES,UNEMPLOYMENT_RATE_M,Eurostat,M,138,138,1.0,2015-01,2026-06,11.0,77.0
ES,INDUSTRIAL_PRODUCTION_INDEX_M,Eurostat,M,138,138,1.0,2015-01,2026-06,11.0,77.0
BR,CPI_YOY_M,OECD,M,138,138,1.0,2015-01,2026-06,11.0,77.0
US,US_CPI_INDEX_M,FRED,M,138,138,1.0,2015-01,2026-07,11.0,47.0
EA,INDUSTRIAL_PRODUCTION_INDEX_M,Eurostat,M,138,138,1.0,2015-01,2026-06,11.0,77.0
US,US_CORE_CPI_INDEX_M,FRED,M,138,138,1.0,2015-01,2026-07,11.0,47.0
DE,UNEMPLOYMENT_RATE_M,Eurostat,M,138,138,1.0,2015-01,2026-06,11.0,77.0
IN,CPI_YOY_M,OECD,M,138,138,1.0,2015-01,2026-06,11.0,77.0
FR,UNEMPLOYMENT_RATE_M,Eurostat,M,138,138,1.0,2015-01,2026-06,11.0,77.0
GB,CPI_YOY_M,OECD,M,138,138,1.0,2015-01,2026-06,11.0,77.0
DE,INDUSTRIAL_PRODUCTION_INDEX_M,Eurostat,M,138,138,1.0,2015-01,2026-06,11.0,77.0
IT,INDUSTRIAL_PRODUCTION_INDEX_M,Eurostat,M,138,138,1.0,2015-01,2026-06,11.0,77.0
IT,UNEMPLOYMENT_RATE_M,Eurostat,M,138,138,1.0,2015-01,2026-06,11.0,77.0
DE,CPI_YOY_M,OECD,M,138,138,1.0,2015-01,2026-06,11.0,77.0
US,CPI_YOY_M,OECD,M,138,138,1.0,2015-01,2026-07,11.0,47.0
CN,CPI_YOY_M,OECD,M,138,138,1.0,2015-01,2026-06,11.0,77.0
FR,INDUSTRIAL_PRODUCTION_INDEX_M,Eurostat,M,138,138,1.0,2015-01,2026-06,11.0,77.0
US,US_M2_MONEY_STOCK_M,FRED,M,138,138,1.0,2015-01,2026-06,11.0,77.0
US,US_INDUSTRIAL_PRODUCTION_M,FRED,M,138,138,1.0,2015-01,2026-06,11.0,77.0
US,US_UNEMPLOYMENT_RATE_M,FRED,M,138,138,1.0,2015-01,2026-07,11.0,47.0
FR,CPI_YOY_M,OECD,M,132,132,1.0,2015-01,2025-12,10.0,259.0
FR,CPI_YOY_M,Eurostat,M,132,132,1.0,2015-01,2025-12,10.0,259.0
DE,CPI_YOY_M,Eurostat,M,132,132,1.0,2015-01,2025-12,10.0,259.0
ES,CPI_YOY_M,OECD,M,132,132,1.0,2015-01,2025-12,10.0,259.0
IT,CPI_YOY_M,Eurostat,M,132,132,1.0,2015-01,2025-12,10.0,259.0
EA,CPI_YOY_M,OECD,M,132,132,1.0,2015-01,2025-12,10.0,259.0
EA,CPI_YOY_M,Eurostat,M,132,132,1.0,2015-01,2025-12,10.0,259.0
IT,CPI_YOY_M,OECD,M,132,132,1.0,2015-01,2025-12,10.0,259.0
ES,CPI_YOY_M,Eurostat,M,132,132,1.0,2015-01,2025-12,10.0,259.0
TR,CPI_YOY_M,OECD,M,132,132,1.0,2015-01,2025-12,10.0,259.0
US,PPI_YOY_M,FRED,M,127,127,1.0,2016-01,2026-07,10.0,47.0
SA,CPI_YOY_M,OECD,M,127,127,1.0,2015-01,2025-07,10.0,412.0
US,CPI_YOY_M,FRED,M,126,126,1.0,2016-01,2026-07,10.0,47.0
US,INDUSTRIAL_OUTPUT_YOY_M,FRED,M,126,126,1.0,2016-01,2026-06,10.0,77.0
ZA,CPI_YOY_M,OECD,M,121,121,1.0,2015-01,2025-01,10.0,593.0
MX,CPI_YOY_M,OECD,M,115,115,1.0,2015-01,2024-07,9.0,777.0
AR,CPI_YOY_M,OECD,M,103,103,1.0,2017-12,2026-06,9.0,77.0
JP,CPI_YOY_M,OECD,M,78,78,1.0,2015-01,2021-06,6.0,1903.0
VN,CPI_YOY_A,IMF,A,47,47,1.0,1980,2026,46.0,228.0
ZA,GROSS_SAVINGS_GDP_A,IMF,A,47,47,1.0,1980,2026,46.0,228.0
ZA,POPULATION_TOTAL_A,IMF,A,47,47,1.0,1980,2026,46.0,228.0
ZA,UNEMPLOYMENT_RATE_A,IMF,A,47,47,1.0,1980,2026,46.0,228.0
AR,GDP_DEFLATOR_INDEX_A,IMF,A,47,47,1.0,1980,2026,46.0,228.0
ZA,GROSS_CAPITAL_FORMATION_GDP_A,IMF,A,47,47,1.0,1980,2026,46.0,228.0
AR,GDP_CURRENT_LCU_A,IMF,A,47,47,1.0,1980,2026,46.0,228.0
TR,GDP_REAL_GROWTH_YOY_A,IMF,A,47,47,1.0,1980,2026,46.0,228.0
TR,GDP_DEFLATOR_INDEX_A,IMF,A,47,47,1.0,1980,2026,46.0,228.0
TR,GDP_REAL_LCU_A,IMF,A,47,47,1.0,1980,2026,46.0,228.0
AR,UNEMPLOYMENT_RATE_A,IMF,A,47,47,1.0,1980,2026,46.0,228.0
AR,GDP_REAL_LCU_A,IMF,A,47,47,1.0,1980,2026,46.0,228.0
BR,CPI_YOY_A,IMF,A,47,47,1.0,1980,2026,46.0,228.0
TR,GDP_NOMINAL_USD_A,IMF,A,47,47,1.0,1980,2026,46.0,228.0
TR,GDP_PER_CAPITA_USD_A,IMF,A,47,47,1.0,1980,2026,46.0,228.0
FR,UNEMPLOYMENT_RATE_A,IMF,A,47,47,1.0,1980,2026,46.0,228.0
AR,GDP_REAL_GROWTH_YOY_A,IMF,A,47,47,1.0,1980,2026,46.0,228.0
MX,GDP_NOMINAL_USD_A,IMF,A,47,47,1.0,1980,2026,46.0,228.0
MX,GDP_DEFLATOR_INDEX_A,IMF,A,47,47,1.0,1980,2026,46.0,228.0
MX,GDP_CURRENT_LCU_A,IMF,A,47,47,1.0,1980,2026,46.0,228.0
MX,GROSS_CAPITAL_FORMATION_GDP_A,IMF,A,47,47,1.0,1980,2026,46.0,228.0
FR,POPULATION_TOTAL_A,IMF,A,47,47,1.0,1980,2026,46.0,228.0
FR,GDP_NOMINAL_USD_A,IMF,A,47,47,1.0,1980,2026,46.0,228.0
GB,GDP_REAL_LCU_A,IMF,A,47,47,1.0,1980,2026,46.0,228.0
MX,GDP_PER_CAPITA_USD_A,IMF,A,47,47,1.0,1980,2026,46.0,228.0
GB,GOV_DEBT_GDP_A,IMF,A,47,47,1.0,1980,2026,46.0,228.0
GB,GOV_EXPENSE_GDP_A,IMF,A,47,47,1.0,1980,2026,46.0,228.0
GB,GOV_NET_LENDING_GDP_A,IMF,A,47,47,1.0,1980,2026,46.0,228.0
CN,GROSS_SAVINGS_GDP_A,IMF,A,47,47,1.0,1980,2026,46.0,228.0
US,GDP_CURRENT_LCU_A,IMF,A,47,47,1.0,1980,2026,46.0,228.0
JP,POPULATION_TOTAL_A,IMF,A,47,47,1.0,1980,2026,46.0,228.0
FR,GDP_PER_CAPITA_USD_A,IMF,A,47,47,1.0,1980,2026,46.0,228.0
FR,GROSS_SAVINGS_GDP_A,IMF,A,47,47,1.0,1980,2026,46.0,228.0
MX,CPI_YOY_A,IMF,A,47,47,1.0,1980,2026,46.0,228.0
MX,CURRENT_ACCOUNT_GDP_A,IMF,A,47,47,1.0,1980,2026,46.0,228.0
CN,GDP_CURRENT_LCU_A,IMF,A,47,47,1.0,1980,2026,46.0,228.0
CN,GDP_DEFLATOR_INDEX_A,IMF,A,47,47,1.0,1980,2026,46.0,228.0
CN,GDP_NOMINAL_USD_A,IMF,A,47,47,1.0,1980,2026,46.0,228.0
CN,GDP_PER_CAPITA_USD_A,IMF,A,47,47,1.0,1980,2026,46.0,228.0
CN,POPULATION_TOTAL_A,IMF,A,47,47,1.0,1980,2026,46.0,228.0
CN,GDP_REAL_GROWTH_YOY_A,IMF,A,47,47,1.0,1980,2026,46.0,228.0
JP,GDP_REAL_GROWTH_YOY_A,IMF,A,47,47,1.0,1980,2026,46.0,228.0
JP,GDP_REAL_LCU_A,IMF,A,47,47,1.0,1980,2026,46.0,228.0
JP,GOV_DEBT_GDP_A,IMF,A,47,47,1.0,1980,2026,46.0,228.0
JP,GOV_EXPENSE_GDP_A,IMF,A,47,47,1.0,1980,2026,46.0,228.0
JP,GOV_NET_LENDING_GDP_A,IMF,A,47,47,1.0,1980,2026,46.0,228.0
JP,GOV_REVENUE_GDP_A,IMF,A,47,47,1.0,1980,2026,46.0,228.0
JP,UNEMPLOYMENT_RATE_A,IMF,A,47,47,1.0,1980,2026,46.0,228.0
FR,GDP_REAL_GROWTH_YOY_A,IMF,A,47,47,1.0,1980,2026,46.0,228.0
JP,GROSS_SAVINGS_GDP_A,IMF,A,47,47,1.0,1980,2026,46.0,228.0
JP,GROSS_CAPITAL_FORMATION_GDP_A,IMF,A,47,47,1.0,1980,2026,46.0,228.0
SA,GDP_DEFLATOR_INDEX_A,IMF,A,47,47,1.0,1980,2026,46.0,228.0
MX,POPULATION_TOTAL_A,IMF,A,47,47,1.0,1980,2026,46.0,228.0
SA,POPULATION_TOTAL_A,IMF,A,47,47,1.0,1980,2026,46.0,228.0
SA,GDP_NOMINAL_USD_A,IMF,A,47,47,1.0,1980,2026,46.0,228.0
MX,UNEMPLOYMENT_RATE_A,IMF,A,47,47,1.0,1980,2026,46.0,228.0
TR,POPULATION_TOTAL_A,IMF,A,47,47,1.0,1980,2026,46.0,228.0
GB,GROSS_SAVINGS_GDP_A,IMF,A,47,47,1.0,1980,2026,46.0,228.0
GB,GDP_CURRENT_LCU_A,IMF,A,47,47,1.0,1980,2026,46.0,228.0
TR,UNEMPLOYMENT_RATE_A,IMF,A,47,47,1.0,1980,2026,46.0,228.0
US,CURRENT_ACCOUNT_GDP_A,IMF,A,47,47,1.0,1980,2026,46.0,228.0
CN,GDP_REAL_LCU_A,IMF,A,47,47,1.0,1980,2026,46.0,228.0
CN,GROSS_CAPITAL_FORMATION_GDP_A,IMF,A,47,47,1.0,1980,2026,46.0,228.0
GB,GOV_REVENUE_GDP_A,IMF,A,47,47,1.0,1980,2026,46.0,228.0
GB,GROSS_CAPITAL_FORMATION_GDP_A,IMF,A,47,47,1.0,1980,2026,46.0,228.0
IT,UNEMPLOYMENT_RATE_A,IMF,A,47,47,1.0,1980,2026,46.0,228.0
IT,POPULATION_TOTAL_A,IMF,A,47,47,1.0,1980,2026,46.0,228.0
VN,POPULATION_TOTAL_A,IMF,A,47,47,1.0,1980,2026,46.0,228.0
AR,CURRENT_ACCOUNT_GDP_A,IMF,A,47,47,1.0,1980,2026,46.0,228.0
AR,GROSS_CAPITAL_FORMATION_GDP_A,IMF,A,47,47,1.0,1980,2026,46.0,228.0
AR,GROSS_SAVINGS_GDP_A,IMF,A,47,47,1.0,1980,2026,46.0,228.0
ZA,GDP_REAL_GROWTH_YOY_A,IMF,A,47,47,1.0,1980,2026,46.0,228.0
ZA,GDP_CURRENT_LCU_A,IMF,A,47,47,1.0,1980,2026,46.0,228.0
ZA,GDP_DEFLATOR_INDEX_A,IMF,A,47,47,1.0,1980,2026,46.0,228.0
US,CPI_YOY_A,IMF,A,47,47,1.0,1980,2026,46.0,228.0
MX,GDP_REAL_GROWTH_YOY_A,IMF,A,47,47,1.0,1980,2026,46.0,228.0
MX,GDP_REAL_LCU_A,IMF,A,47,47,1.0,1980,2026,46.0,228.0
TR,CPI_YOY_A,IMF,A,47,47,1.0,1980,2026,46.0,228.0
VN,CURRENT_ACCOUNT_GDP_A,IMF,A,47,47,1.0,1980,2026,46.0,228.0
TR,GDP_CURRENT_LCU_A,IMF,A,47,47,1.0,1980,2026,46.0,228.0
FR,GROSS_CAPITAL_FORMATION_GDP_A,IMF,A,47,47,1.0,1980,2026,46.0,228.0
US,GDP_REAL_LCU_A,IMF,A,47,47,1.0,1980,2026,46.0,228.0
US,GDP_REAL_GROWTH_YOY_A,IMF,A,47,47,1.0,1980,2026,46.0,228.0
US,GDP_PER_CAPITA_USD_A,IMF,A,47,47,1.0,1980,2026,46.0,228.0
US,GDP_NOMINAL_USD_A,IMF,A,47,47,1.0,1980,2026,46.0,228.0
IT,GDP_REAL_GROWTH_YOY_A,IMF,A,47,47,1.0,1980,2026,46.0,228.0
IT,GDP_PER_CAPITA_USD_A,IMF,A,47,47,1.0,1980,2026,46.0,228.0
ZA,CURRENT_ACCOUNT_GDP_A,IMF,A,47,47,1.0,1980,2026,46.0,228.0
ZA,CPI_YOY_A,IMF,A,47,47,1.0,1980,2026,46.0,228.0
JP,CPI_YOY_A,IMF,A,47,47,1.0,1980,2026,46.0,228.0
JP,GDP_PER_CAPITA_USD_A,IMF,A,47,47,1.0,1980,2026,46.0,228.0
US,GDP_DEFLATOR_INDEX_A,IMF,A,47,47,1.0,1980,2026,46.0,228.0
JP,CURRENT_ACCOUNT_GDP_A,IMF,A,47,47,1.0,1980,2026,46.0,228.0
DE,CURRENT_ACCOUNT_GDP_A,IMF,A,47,47,1.0,1980,2026,46.0,228.0
IT,GROSS_CAPITAL_FORMATION_GDP_A,IMF,A,47,47,1.0,1980,2026,46.0,228.0
JP,GDP_CURRENT_LCU_A,IMF,A,47,47,1.0,1980,2026,46.0,228.0
JP,GDP_DEFLATOR_INDEX_A,IMF,A,47,47,1.0,1980,2026,46.0,228.0
GB,UNEMPLOYMENT_RATE_A,IMF,A,47,47,1.0,1980,2026,46.0,228.0
GB,POPULATION_TOTAL_A,IMF,A,47,47,1.0,1980,2026,46.0,228.0
FR,CURRENT_ACCOUNT_GDP_A,IMF,A,47,47,1.0,1980,2026,46.0,228.0
FR,CPI_YOY_A,IMF,A,47,47,1.0,1980,2026,46.0,228.0
ID,CPI_YOY_A,IMF,A,47,47,1.0,1980,2026,46.0,228.0
IT,GROSS_SAVINGS_GDP_A,IMF,A,47,47,1.0,1980,2026,46.0,228.0
DE,GROSS_CAPITAL_FORMATION_GDP_A,IMF,A,47,47,1.0,1980,2026,46.0,228.0
DE,GROSS_SAVINGS_GDP_A,IMF,A,47,47,1.0,1980,2026,46.0,228.0
IT,GDP_NOMINAL_USD_A,IMF,A,47,47,1.0,1980,2026,46.0,228.0
IT,GDP_DEFLATOR_INDEX_A,IMF,A,47,47,1.0,1980,2026,46.0,228.0
DE,GDP_DEFLATOR_INDEX_A,IMF,A,47,47,1.0,1980,2026,46.0,228.0
DE,GDP_CURRENT_LCU_A,IMF,A,47,47,1.0,1980,2026,46.0,228.0
DE,GDP_REAL_LCU_A,IMF,A,47,47,1.0,1980,2026,46.0,228.0
DE,CPI_YOY_A,IMF,A,47,47,1.0,1980,2026,46.0,228.0
JP,GDP_NOMINAL_USD_A,IMF,A,47,47,1.0,1980,2026,46.0,228.0
DE,GDP_NOMINAL_USD_A,IMF,A,47,47,1.0,1980,2026,46.0,228.0
US,UNEMPLOYMENT_RATE_A,IMF,A,47,47,1.0,1980,2026,46.0,228.0
IT,GDP_CURRENT_LCU_A,IMF,A,47,47,1.0,1980,2026,46.0,228.0
IT,CURRENT_ACCOUNT_GDP_A,IMF,A,47,47,1.0,1980,2026,46.0,228.0
IT,CPI_YOY_A,IMF,A,47,47,1.0,1980,2026,46.0,228.0
SA,CPI_YOY_A,IMF,A,47,47,1.0,1980,2026,46.0,228.0
AR,POPULATION_TOTAL_A,IMF,A,47,47,1.0,1980,2026,46.0,228.0
MX,GROSS_SAVINGS_GDP_A,IMF,A,47,47,1.0,1980,2026,46.0,228.0
TR,GROSS_CAPITAL_FORMATION_GDP_A,IMF,A,47,47,1.0,1980,2026,46.0,228.0
BR,GROSS_SAVINGS_GDP_A,IMF,A,47,47,1.0,1980,2026,46.0,228.0
BR,POPULATION_TOTAL_A,IMF,A,47,47,1.0,1980,2026,46.0,228.0
SA,CURRENT_ACCOUNT_GDP_A,IMF,A,47,47,1.0,1980,2026,46.0,228.0
SA,GDP_CURRENT_LCU_A,IMF,A,47,47,1.0,1980,2026,46.0,228.0
FR,GDP_REAL_LCU_A,IMF,A,47,47,1.0,1980,2026,46.0,228.0
ZA,GDP_NOMINAL_USD_A,IMF,A,47,47,1.0,1980,2026,46.0,228.0
ZA,GDP_PER_CAPITA_USD_A,IMF,A,47,47,1.0,1980,2026,46.0,228.0
BR,GROSS_CAPITAL_FORMATION_GDP_A,IMF,A,47,47,1.0,1980,2026,46.0,228.0
FR,GOV_NET_LENDING_GDP_A,IMF,A,47,47,1.0,1980,2026,46.0,228.0
FR,GOV_EXPENSE_GDP_A,IMF,A,47,47,1.0,1980,2026,46.0,228.0
FR,GOV_DEBT_GDP_A,IMF,A,47,47,1.0,1980,2026,46.0,228.0
US,GROSS_SAVINGS_GDP_A,IMF,A,47,47,1.0,1980,2026,46.0,228.0
ES,CPI_YOY_A,IMF,A,47,47,1.0,1980,2026,46.0,228.0
ES,CURRENT_ACCOUNT_GDP_A,IMF,A,47,47,1.0,1980,2026,46.0,228.0
VN,GROSS_CAPITAL_FORMATION_GDP_A,IMF,A,47,47,1.0,1980,2026,46.0,228.0
US,GROSS_CAPITAL_FORMATION_GDP_A,IMF,A,47,47,1.0,1980,2026,46.0,228.0
VN,GROSS_SAVINGS_GDP_A,IMF,A,47,47,1.0,1980,2026,46.0,228.0
IN,GROSS_SAVINGS_GDP_A,IMF,A,47,47,1.0,1980,2026,46.0,228.0
IN,POPULATION_TOTAL_A,IMF,A,47,47,1.0,1980,2026,46.0,228.0
IT,GDP_REAL_LCU_A,IMF,A,47,47,1.0,1980,2026,46.0,228.0
DE,POPULATION_TOTAL_A,IMF,A,47,47,1.0,1980,2026,46.0,228.0
DE,UNEMPLOYMENT_RATE_A,IMF,A,47,47,1.0,1980,2026,46.0,228.0
DE,GDP_REAL_GROWTH_YOY_A,IMF,A,47,47,1.0,1980,2026,46.0,228.0
DE,GDP_PER_CAPITA_USD_A,IMF,A,47,47,1.0,1980,2026,46.0,228.0
VN,GDP_REAL_GROWTH_YOY_A,IMF,A,47,47,1.0,1980,2026,46.0,228.0
VN,GDP_PER_CAPITA_USD_A,IMF,A,47,47,1.0,1980,2026,46.0,228.0
ID,GDP_PER_CAPITA_USD_A,IMF,A,47,47,1.0,1980,2026,46.0,228.0
ID,GDP_NOMINAL_USD_A,IMF,A,47,47,1.0,1980,2026,46.0,228.0
IN,GDP_REAL_GROWTH_YOY_A,IMF,A,47,47,1.0,1980,2026,46.0,228.0
ES,GDP_NOMINAL_USD_A,IMF,A,47,47,1.0,1980,2026,46.0,228.0
ES,GDP_PER_CAPITA_USD_A,IMF,A,47,47,1.0,1980,2026,46.0,228.0
US,POPULATION_TOTAL_A,IMF,A,47,47,1.0,1980,2026,46.0,228.0
ES,GDP_REAL_LCU_A,IMF,A,47,47,1.0,1980,2026,46.0,228.0
IN,GDP_REAL_LCU_A,IMF,A,47,47,1.0,1980,2026,46.0,228.0
ES,GDP_DEFLATOR_INDEX_A,IMF,A,47,47,1.0,1980,2026,46.0,228.0
IN,GDP_CURRENT_LCU_A,IMF,A,47,47,1.0,1980,2026,46.0,228.0
IN,GDP_DEFLATOR_INDEX_A,IMF,A,47,47,1.0,1980,2026,46.0,228.0
IN,GDP_NOMINAL_USD_A,IMF,A,47,47,1.0,1980,2026,46.0,228.0
IN,GDP_PER_CAPITA_USD_A,IMF,A,47,47,1.0,1980,2026,46.0,228.0
ES,GDP_REAL_GROWTH_YOY_A,IMF,A,47,47,1.0,1980,2026,46.0,228.0
ID,GROSS_SAVINGS_GDP_A,IMF,A,47,47,1.0,1980,2026,46.0,228.0
ID,CURRENT_ACCOUNT_GDP_A,IMF,A,47,47,1.0,1980,2026,46.0,228.0
ID,GDP_CURRENT_LCU_A,IMF,A,47,47,1.0,1980,2026,46.0,228.0
ID,GDP_DEFLATOR_INDEX_A,IMF,A,47,47,1.0,1980,2026,46.0,228.0
FR,GDP_CURRENT_LCU_A,IMF,A,47,47,1.0,1980,2026,46.0,228.0
FR,GDP_DEFLATOR_INDEX_A,IMF,A,47,47,1.0,1980,2026,46.0,228.0
VN,GDP_CURRENT_LCU_A,IMF,A,47,47,1.0,1980,2026,46.0,228.0
VN,GDP_DEFLATOR_INDEX_A,IMF,A,47,47,1.0,1980,2026,46.0,228.0
VN,GDP_NOMINAL_USD_A,IMF,A,47,47,1.0,1980,2026,46.0,228.0
IN,CPI_YOY_A,IMF,A,47,47,1.0,1980,2026,46.0,228.0
IN,CURRENT_ACCOUNT_GDP_A,IMF,A,47,47,1.0,1980,2026,46.0,228.0
ID,GDP_REAL_GROWTH_YOY_A,IMF,A,47,47,1.0,1980,2026,46.0,228.0
ID,GDP_REAL_LCU_A,IMF,A,47,47,1.0,1980,2026,46.0,228.0
ID,GROSS_CAPITAL_FORMATION_GDP_A,IMF,A,47,47,1.0,1980,2026,46.0,228.0
IN,GROSS_CAPITAL_FORMATION_GDP_A,IMF,A,47,47,1.0,1980,2026,46.0,228.0
ID,POPULATION_TOTAL_A,IMF,A,47,47,1.0,1980,2026,46.0,228.0
ES,GOV_DEBT_GDP_A,IMF,A,47,47,1.0,1980,2026,46.0,228.0
GB,CPI_YOY_A,IMF,A,47,47,1.0,1980,2026,46.0,228.0
GB,CURRENT_ACCOUNT_GDP_A,IMF,A,47,47,1.0,1980,2026,46.0,228.0
ZA,GDP_REAL_LCU_A,IMF,A,47,47,1.0,1980,2026,46.0,228.0
BR,GDP_NOMINAL_USD_A,IMF,A,47,47,1.0,1980,2026,46.0,228.0
BR,GDP_PER_CAPITA_USD_A,IMF,A,47,47,1.0,1980,2026,46.0,228.0
BR,GDP_REAL_GROWTH_YOY_A,IMF,A,47,47,1.0,1980,2026,46.0,228.0
BR,GDP_REAL_LCU_A,IMF,A,47,47,1.0,1980,2026,46.0,228.0
BR,CURRENT_ACCOUNT_GDP_A,IMF,A,47,47,1.0,1980,2026,46.0,228.0
SA,GDP_PER_CAPITA_USD_A,IMF,A,47,47,1.0,1980,2026,46.0,228.0
SA,GDP_REAL_GROWTH_YOY_A,IMF,A,47,47,1.0,1980,2026,46.0,228.0
SA,GDP_REAL_LCU_A,IMF,A,47,47,1.0,1980,2026,46.0,228.0
TR,CURRENT_ACCOUNT_GDP_A,IMF,A,47,47,1.0,1980,2026,46.0,228.0
ES,GOV_EXPENSE_GDP_A,IMF,A,47,47,1.0,1980,2026,46.0,228.0
ES,GOV_NET_LENDING_GDP_A,IMF,A,47,47,1.0,1980,2026,46.0,228.0
ES,GOV_REVENUE_GDP_A,IMF,A,47,47,1.0,1980,2026,46.0,228.0
ES,GROSS_CAPITAL_FORMATION_GDP_A,IMF,A,47,47,1.0,1980,2026,46.0,228.0
ES,GROSS_SAVINGS_GDP_A,IMF,A,47,47,1.0,1980,2026,46.0,228.0
ES,GDP_CURRENT_LCU_A,IMF,A,47,47,1.0,1980,2026,46.0,228.0
AR,GDP_NOMINAL_USD_A,IMF,A,47,47,1.0,1980,2026,46.0,228.0
SA,GROSS_CAPITAL_FORMATION_GDP_A,IMF,A,47,47,1.0,1980,2026,46.0,228.0
SA,GROSS_SAVINGS_GDP_A,IMF,A,47,47,1.0,1980,2026,46.0,228.0
GB,GDP_DEFLATOR_INDEX_A,IMF,A,47,47,1.0,1980,2026,46.0,228.0
GB,GDP_NOMINAL_USD_A,IMF,A,47,47,1.0,1980,2026,46.0,228.0
GB,GDP_PER_CAPITA_USD_A,IMF,A,47,47,1.0,1980,2026,46.0,228.0
GB,GDP_REAL_GROWTH_YOY_A,IMF,A,47,47,1.0,1980,2026,46.0,228.0
AR,GDP_PER_CAPITA_USD_A,IMF,A,47,47,1.0,1980,2026,46.0,228.0
VN,GDP_REAL_LCU_A,IMF,A,47,47,1.0,1980,2026,46.0,228.0
FR,GOV_REVENUE_GDP_A,IMF,A,47,47,1.0,1980,2026,46.0,228.0
ES,POPULATION_TOTAL_A,IMF,A,47,47,1.0,1980,2026,46.0,228.0
ES,UNEMPLOYMENT_RATE_A,IMF,A,47,47,1.0,1980,2026,46.0,228.0
TR,GROSS_SAVINGS_GDP_A,IMF,A,47,47,1.0,1980,2026,46.0,228.0
ES,GDP_REAL_GROWTH_YOY_Q,Eurostat,Q,46,46,1.0,2015-Q1,2026-Q2,11.0,138.0
ID,GOV_REVENUE_GDP_A,IMF,A,46,46,1.0,1981,2026,45.0,228.0
IT,GDP_REAL_GROWTH_YOY_Q,Eurostat,Q,46,46,1.0,2015-Q1,2026-Q2,11.0,138.0
DE,GDP_REAL_GROWTH_YOY_Q,Eurostat,Q,46,46,1.0,2015-Q1,2026-Q2,11.0,138.0
EA,GDP_REAL_GROWTH_YOY_Q,Eurostat,Q,46,46,1.0,2015-Q1,2026-Q2,11.0,138.0
FR,GDP_REAL_GROWTH_YOY_Q,Eurostat,Q,46,46,1.0,2015-Q1,2026-Q2,11.0,138.0
CN,CPI_YOY_A,IMF,A,46,46,1.0,1981,2026,45.0,228.0
CN,GOV_NET_LENDING_GDP_A,IMF,A,45,45,1.0,1982,2026,44.0,228.0
CN,GOV_REVENUE_GDP_A,IMF,A,45,45,1.0,1982,2026,44.0,228.0
CN,GOV_EXPENSE_GDP_A,IMF,A,45,45,1.0,1982,2026,44.0,228.0
ID,UNEMPLOYMENT_RATE_A,IMF,A,43,43,1.0,1984,2026,42.0,228.0
BR,GDP_CURRENT_LCU_A,IMF,A,41,41,1.0,1986,2026,40.0,228.0
BR,GDP_DEFLATOR_INDEX_A,IMF,A,40,40,1.0,1987,2026,39.0,228.0
IT,GOV_REVENUE_GDP_A,IMF,A,39,39,1.0,1988,2026,38.0,228.0
IN,GOV_REVENUE_GDP_A,IMF,A,39,39,1.0,1988,2026,38.0,228.0
IN,GOV_EXPENSE_GDP_A,IMF,A,39,39,1.0,1988,2026,38.0,228.0
IT,GOV_EXPENSE_GDP_A,IMF,A,39,39,1.0,1988,2026,38.0,228.0
IN,GOV_NET_LENDING_GDP_A,IMF,A,39,39,1.0,1988,2026,38.0,228.0
IT,GOV_NET_LENDING_GDP_A,IMF,A,39,39,1.0,1988,2026,38.0,228.0
IT,GOV_DEBT_GDP_A,IMF,A,39,39,1.0,1988,2026,38.0,228.0
MX,GOV_NET_LENDING_GDP_A,IMF,A,37,37,1.0,1990,2026,36.0,228.0
MX,GOV_EXPENSE_GDP_A,IMF,A,37,37,1.0,1990,2026,36.0,228.0
VN,UNEMPLOYMENT_RATE_A,IMF,A,37,37,1.0,1990,2026,36.0,228.0
MX,GOV_REVENUE_GDP_A,IMF,A,37,37,1.0,1990,2026,36.0,228.0
SA,GOV_EXPENSE_GDP_A,IMF,A,37,37,1.0,1990,2026,36.0,228.0
SA,GOV_NET_LENDING_GDP_A,IMF,A,36,36,1.0,1991,2026,35.0,228.0
SA,GOV_REVENUE_GDP_A,IMF,A,36,36,1.0,1991,2026,35.0,228.0
DE,GOV_NET_LENDING_GDP_A,IMF,A,36,36,1.0,1991,2026,35.0,228.0
BR,UNEMPLOYMENT_RATE_A,IMF,A,36,36,1.0,1991,2026,35.0,228.0
SA,GOV_DEBT_GDP_A,IMF,A,36,36,1.0,1991,2026,35.0,228.0
DE,GOV_REVENUE_GDP_A,IMF,A,36,36,1.0,1991,2026,35.0,228.0
DE,GOV_EXPENSE_GDP_A,IMF,A,36,36,1.0,1991,2026,35.0,228.0
DE,GOV_DEBT_GDP_A,IMF,A,36,36,1.0,1991,2026,35.0,228.0
IN,GOV_DEBT_GDP_A,IMF,A,36,36,1.0,1991,2026,35.0,228.0
AR,GOV_DEBT_GDP_A,IMF,A,35,35,1.0,1992,2026,34.0,228.0
ID,GOV_EXPENSE_GDP_A,IMF,A,34,34,1.0,1993,2026,33.0,228.0
AR,GOV_NET_LENDING_GDP_A,IMF,A,34,34,1.0,1993,2026,33.0,228.0
AR,GOV_EXPENSE_GDP_A,IMF,A,34,34,1.0,1993,2026,33.0,228.0
AR,GOV_REVENUE_GDP_A,IMF,A,34,34,1.0,1993,2026,33.0,228.0
ID,GOV_NET_LENDING_GDP_A,IMF,A,34,34,1.0,1993,2026,33.0,228.0
CN,GOV_DEBT_GDP_A,IMF,A,32,32,1.0,1995,2026,31.0,228.0
MX,GOV_DEBT_GDP_A,IMF,A,31,31,1.0,1996,2026,30.0,228.0
CN,CURRENT_ACCOUNT_GDP_A,IMF,A,30,30,1.0,1997,2026,29.0,228.0
VN,GOV_NET_LENDING_GDP_A,IMF,A,29,29,1.0,1998,2026,28.0,228.0
VN,GOV_EXPENSE_GDP_A,IMF,A,29,29,1.0,1998,2026,28.0,228.0
VN,GOV_REVENUE_GDP_A,IMF,A,29,29,1.0,1998,2026,28.0,228.0
ZA,GOV_REVENUE_GDP_A,IMF,A,27,27,1.0,2000,2026,26.0,228.0
VN,GOV_DEBT_GDP_A,IMF,A,27,27,1.0,2000,2026,26.0,228.0
ID,GOV_DEBT_GDP_A,IMF,A,27,27,1.0,2000,2026,26.0,228.0
ZA,GOV_EXPENSE_GDP_A,IMF,A,27,27,1.0,2000,2026,26.0,228.0
TR,GOV_EXPENSE_GDP_A,IMF,A,27,27,1.0,2000,2026,26.0,228.0
ZA,GOV_NET_LENDING_GDP_A,IMF,A,27,27,1.0,2000,2026,26.0,228.0
TR,GOV_REVENUE_GDP_A,IMF,A,27,27,1.0,2000,2026,26.0,228.0
ZA,GOV_DEBT_GDP_A,IMF,A,27,27,1.0,2000,2026,26.0,228.0
TR,GOV_DEBT_GDP_A,IMF,A,27,27,1.0,2000,2026,26.0,228.0
TR,GOV_NET_LENDING_GDP_A,IMF,A,27,27,1.0,2000,2026,26.0,228.0
BR,GOV_DEBT_GDP_A,IMF,A,27,27,1.0,2000,2026,26.0,228.0
SA,UNEMPLOYMENT_RATE_A,IMF,A,26,26,1.0,1999,2024,25.0,959.0
US,GOV_EXPENSE_GDP_A,IMF,A,26,26,1.0,2001,2026,25.0,228.0
US,GOV_DEBT_GDP_A,IMF,A,26,26,1.0,2001,2026,25.0,228.0
US,GOV_REVENUE_GDP_A,IMF,A,26,26,1.0,2001,2026,25.0,228.0
US,GOV_NET_LENDING_GDP_A,IMF,A,26,26,1.0,2001,2026,25.0,228.0
BR,GOV_REVENUE_GDP_A,IMF,A,26,26,1.0,2001,2026,25.0,228.0
BR,GOV_NET_LENDING_GDP_A,IMF,A,26,26,1.0,2001,2026,25.0,228.0
BR,GOV_EXPENSE_GDP_A,IMF,A,26,26,1.0,2001,2026,25.0,228.0
AR,CPI_YOY_A,IMF,A,26,26,1.0,1998,2026,28.0,228.0
BR,EXCHANGE_RATE_USD_A,BIS,A,12,12,1.0,2015,2026,11.0,228.0
JP,EXCHANGE_RATE_USD_A,BIS,A,12,12,1.0,2015,2026,11.0,228.0
CN,PPI_YOY_M,National Bureau of Statistics of China,M,12,12,1.0,2024-01,2024-12,0.0,624.0
US,UNEMPLOYMENT_RATE_A,FRED,A,12,12,1.0,2015,2026,11.0,228.0
EA,EXCHANGE_RATE_USD_A,BIS,A,12,12,1.0,2015,2026,11.0,228.0
CN,CN_CPI_YOY_M,National Bureau of Statistics of China,M,12,12,1.0,2024-01,2024-12,0.0,624.0
CN,EXCHANGE_RATE_USD_A,BIS,A,12,12,1.0,2015,2026,11.0,228.0
EA,EXCHANGE_RATE_USD_A,ECB,A,12,12,1.0,2015,2026,11.0,228.0
IN,EXCHANGE_RATE_USD_A,BIS,A,12,12,1.0,2015,2026,11.0,228.0
US,EXCHANGE_RATE_USD_A,BIS,A,12,12,1.0,2015,2026,11.0,228.0
CN,CN_PPI_YOY_M,National Bureau of Statistics of China,M,12,12,1.0,2024-01,2024-12,0.0,624.0
ZA,EXCHANGE_RATE_USD_A,BIS,A,12,12,1.0,2015,2026,11.0,228.0
TR,EXCHANGE_RATE_USD_A,BIS,A,12,12,1.0,2015,2026,11.0,228.0
CN,CPI_YOY_M,National Bureau of Statistics of China,M,12,12,1.0,2024-01,2024-12,0.0,624.0
GB,EXCHANGE_RATE_USD_A,BIS,A,12,12,1.0,2015,2026,11.0,228.0
DE,EXCHANGE_RATE_USD_A,BIS,A,12,12,1.0,2015,2026,11.0,228.0
MX,EXCHANGE_RATE_USD_A,BIS,A,12,12,1.0,2015,2026,11.0,228.0
MX,EXPORTS_USD_A,World Bank,A,11,11,1.0,2015,2025,10.0,593.0
MX,GDP_DEFLATOR_GROWTH_A,World Bank,A,11,11,1.0,2015,2025,10.0,593.0
US,CURRENT_ACCOUNT_GDP_A,World Bank,A,11,11,1.0,2015,2025,10.0,593.0
US,DOMESTIC_CREDIT_PRIVATE_GDP_A,World Bank,A,11,11,1.0,2015,2025,10.0,593.0
CN,GDP_REAL_LCU_A,World Bank,A,11,11,1.0,2015,2025,10.0,593.0
CN,GNI_CURRENT_USD_A,World Bank,A,11,11,1.0,2015,2025,10.0,593.0
CN,GNI_PER_CAPITA_USD_A,World Bank,A,11,11,1.0,2015,2025,10.0,593.0
CN,EXPORTS_USD_A,World Bank,A,11,11,1.0,2015,2025,10.0,593.0
CN,FDI_NET_INFLOWS_GDP_A,World Bank,A,11,11,1.0,2015,2025,10.0,593.0
US,FDI_NET_INFLOWS_GDP_A,World Bank,A,11,11,1.0,2015,2025,10.0,593.0
US,GDP_CURRENT_LCU_A,World Bank,A,11,11,1.0,2015,2025,10.0,593.0
JP,POPULATION_GROWTH_A,World Bank,A,11,11,1.0,2015,2025,10.0,593.0
JP,POPULATION_TOTAL_A,World Bank,A,11,11,1.0,2015,2025,10.0,593.0
CN,GDP_REAL_GROWTH_YOY_A,World Bank,A,11,11,1.0,2015,2025,10.0,593.0
US,CPI_YOY_A,FRED,A,11,11,1.0,2016,2026,10.0,228.0
CN,CPI_YOY_A,World Bank,A,11,11,1.0,2015,2025,10.0,593.0
CN,CURRENT_ACCOUNT_GDP_A,World Bank,A,11,11,1.0,2015,2025,10.0,593.0
ZA,EXPORTS_GROWTH_A,World Bank,A,11,11,1.0,2015,2025,10.0,593.0
ZA,EXPORTS_USD_A,World Bank,A,11,11,1.0,2015,2025,10.0,593.0
ZA,FDI_NET_INFLOWS_GDP_A,World Bank,A,11,11,1.0,2015,2025,10.0,593.0
ZA,GDP_CURRENT_LCU_A,World Bank,A,11,11,1.0,2015,2025,10.0,593.0
ZA,GDP_DEFLATOR_GROWTH_A,World Bank,A,11,11,1.0,2015,2025,10.0,593.0
ZA,GDP_DEFLATOR_INDEX_A,World Bank,A,11,11,1.0,2015,2025,10.0,593.0
MX,GDP_PER_CAPITA_USD_A,World Bank,A,11,11,1.0,2015,2025,10.0,593.0
MX,GDP_REAL_GROWTH_YOY_A,World Bank,A,11,11,1.0,2015,2025,10.0,593.0
MX,CURRENT_ACCOUNT_GDP_A,World Bank,A,11,11,1.0,2015,2025,10.0,593.0
MX,GROSS_CAPITAL_FORMATION_GDP_A,World Bank,A,11,11,1.0,2015,2025,10.0,593.0
CN,GDP_CURRENT_LCU_A,World Bank,A,11,11,1.0,2015,2025,10.0,593.0
CN,GDP_DEFLATOR_GROWTH_A,World Bank,A,11,11,1.0,2015,2025,10.0,593.0
CN,GDP_DEFLATOR_INDEX_A,World Bank,A,11,11,1.0,2015,2025,10.0,593.0
CN,GDP_NOMINAL_USD_A,World Bank,A,11,11,1.0,2015,2025,10.0,593.0
BR,TRADE_GDP_A,World Bank,A,11,11,1.0,2015,2025,10.0,593.0
BR,UNEMPLOYMENT_RATE_A,World Bank,A,11,11,1.0,2015,2025,10.0,593.0
BR,URBAN_POPULATION_RATE_A,World Bank,A,11,11,1.0,2015,2025,10.0,593.0
CN,CN_INDUSTRIAL_VALUE_ADDED_YOY_M,National Bureau of Statistics of China,M,11,11,1.0,2024-02,2024-12,0.0,624.0
JP,RESERVES_USD_A,World Bank,A,11,11,1.0,2015,2025,10.0,593.0
MX,DOMESTIC_CREDIT_PRIVATE_GDP_A,World Bank,A,11,11,1.0,2015,2025,10.0,593.0
MX,GNI_PER_CAPITA_USD_A,World Bank,A,11,11,1.0,2015,2025,10.0,593.0
IT,RESERVES_USD_A,World Bank,A,11,11,1.0,2015,2025,10.0,593.0
IT,TRADE_GDP_A,World Bank,A,11,11,1.0,2015,2025,10.0,593.0
IT,UNEMPLOYMENT_RATE_A,World Bank,A,11,11,1.0,2015,2025,10.0,593.0
IT,URBAN_POPULATION_RATE_A,World Bank,A,11,11,1.0,2015,2025,10.0,593.0
DE,CURRENT_ACCOUNT_GDP_A,World Bank,A,11,11,1.0,2015,2025,10.0,593.0
DE,EXPORTS_GROWTH_A,World Bank,A,11,11,1.0,2015,2025,10.0,593.0
DE,EXPORTS_USD_A,World Bank,A,11,11,1.0,2015,2025,10.0,593.0
VN,POPULATION_TOTAL_A,World Bank,A,11,11,1.0,2015,2025,10.0,593.0
VN,RESERVES_USD_A,World Bank,A,11,11,1.0,2015,2025,10.0,593.0
VN,TRADE_GDP_A,World Bank,A,11,11,1.0,2015,2025,10.0,593.0
VN,UNEMPLOYMENT_RATE_A,World Bank,A,11,11,1.0,2015,2025,10.0,593.0
MX,BROAD_MONEY_GDP_A,World Bank,A,11,11,1.0,2015,2025,10.0,593.0
ZA,BROAD_MONEY_GDP_A,World Bank,A,11,11,1.0,2015,2025,10.0,593.0
JP,BROAD_MONEY_GDP_A,World Bank,A,11,11,1.0,2015,2025,10.0,593.0
JP,CPI_YOY_A,World Bank,A,11,11,1.0,2015,2025,10.0,593.0
JP,CURRENT_ACCOUNT_GDP_A,World Bank,A,11,11,1.0,2015,2025,10.0,593.0
US,GDP_DEFLATOR_GROWTH_A,World Bank,A,11,11,1.0,2015,2025,10.0,593.0
US,GDP_DEFLATOR_INDEX_A,World Bank,A,11,11,1.0,2015,2025,10.0,593.0
US,GDP_NOMINAL_USD_A,World Bank,A,11,11,1.0,2015,2025,10.0,593.0
US,GDP_PER_CAPITA_USD_A,World Bank,A,11,11,1.0,2015,2025,10.0,593.0
US,GDP_REAL_GROWTH_YOY_A,World Bank,A,11,11,1.0,2015,2025,10.0,593.0
DE,GDP_DEFLATOR_INDEX_A,World Bank,A,11,11,1.0,2015,2025,10.0,593.0
DE,GDP_NOMINAL_USD_A,World Bank,A,11,11,1.0,2015,2025,10.0,593.0
VN,URBAN_POPULATION_RATE_A,World Bank,A,11,11,1.0,2015,2025,10.0,593.0
JP,UNEMPLOYMENT_RATE_A,World Bank,A,11,11,1.0,2015,2025,10.0,593.0
JP,URBAN_POPULATION_RATE_A,World Bank,A,11,11,1.0,2015,2025,10.0,593.0
US,BROAD_MONEY_GDP_A,World Bank,A,11,11,1.0,2015,2025,10.0,593.0
JP,GDP_PER_CAPITA_USD_A,World Bank,A,11,11,1.0,2015,2025,10.0,593.0
ZA,CPI_YOY_A,World Bank,A,11,11,1.0,2015,2025,10.0,593.0
ZA,CURRENT_ACCOUNT_GDP_A,World Bank,A,11,11,1.0,2015,2025,10.0,593.0
CN,IMPORTS_USD_A,World Bank,A,11,11,1.0,2015,2025,10.0,593.0
CN,INDUSTRIAL_OUTPUT_YOY_M,National Bureau of Statistics of China,M,11,11,1.0,2024-02,2024-12,0.0,624.0
CN,INTERNET_USERS_RATE_A,World Bank,A,11,11,1.0,2015,2025,10.0,593.0
CN,POPULATION_GROWTH_A,World Bank,A,11,11,1.0,2015,2025,10.0,593.0
CN,POPULATION_TOTAL_A,World Bank,A,11,11,1.0,2015,2025,10.0,593.0
IT,POPULATION_TOTAL_A,World Bank,A,11,11,1.0,2015,2025,10.0,593.0
CN,TRADE_GDP_A,World Bank,A,11,11,1.0,2015,2025,10.0,593.0
CN,GDP_PER_CAPITA_USD_A,World Bank,A,11,11,1.0,2015,2025,10.0,593.0
JP,GDP_REAL_GROWTH_YOY_A,World Bank,A,11,11,1.0,2015,2025,10.0,593.0
JP,GDP_REAL_LCU_A,World Bank,A,11,11,1.0,2015,2025,10.0,593.0
JP,GNI_CURRENT_USD_A,World Bank,A,11,11,1.0,2015,2025,10.0,593.0
JP,GNI_PER_CAPITA_USD_A,World Bank,A,11,11,1.0,2015,2025,10.0,593.0
JP,DOMESTIC_CREDIT_PRIVATE_GDP_A,World Bank,A,11,11,1.0,2015,2025,10.0,593.0
JP,FDI_NET_INFLOWS_GDP_A,World Bank,A,11,11,1.0,2015,2025,10.0,593.0
JP,GDP_CURRENT_LCU_A,World Bank,A,11,11,1.0,2015,2025,10.0,593.0
JP,GDP_DEFLATOR_GROWTH_A,World Bank,A,11,11,1.0,2015,2025,10.0,593.0
JP,GDP_DEFLATOR_INDEX_A,World Bank,A,11,11,1.0,2015,2025,10.0,593.0
JP,GDP_NOMINAL_USD_A,World Bank,A,11,11,1.0,2015,2025,10.0,593.0
CN,RESERVES_USD_A,World Bank,A,11,11,1.0,2015,2025,10.0,593.0
TR,GDP_CURRENT_LCU_A,World Bank,A,11,11,1.0,2015,2025,10.0,593.0
TR,GDP_DEFLATOR_GROWTH_A,World Bank,A,11,11,1.0,2015,2025,10.0,593.0
TR,GDP_DEFLATOR_INDEX_A,World Bank,A,11,11,1.0,2015,2025,10.0,593.0
TR,GDP_NOMINAL_USD_A,World Bank,A,11,11,1.0,2015,2025,10.0,593.0
TR,GDP_PER_CAPITA_USD_A,World Bank,A,11,11,1.0,2015,2025,10.0,593.0
ZA,GROSS_CAPITAL_FORMATION_GDP_A,World Bank,A,11,11,1.0,2015,2025,10.0,593.0
TR,GNI_CURRENT_USD_A,World Bank,A,11,11,1.0,2015,2025,10.0,593.0
TR,GNI_PER_CAPITA_USD_A,World Bank,A,11,11,1.0,2015,2025,10.0,593.0
BR,DOMESTIC_CREDIT_PRIVATE_GDP_A,World Bank,A,11,11,1.0,2015,2025,10.0,593.0
BR,EXPORTS_GROWTH_A,World Bank,A,11,11,1.0,2015,2025,10.0,593.0
BR,EXPORTS_USD_A,World Bank,A,11,11,1.0,2015,2025,10.0,593.0
TR,UNEMPLOYMENT_RATE_A,World Bank,A,11,11,1.0,2015,2025,10.0,593.0
BR,GDP_CURRENT_LCU_A,World Bank,A,11,11,1.0,2015,2025,10.0,593.0
BR,GDP_DEFLATOR_GROWTH_A,World Bank,A,11,11,1.0,2015,2025,10.0,593.0
AR,IMPORTS_GROWTH_A,World Bank,A,11,11,1.0,2015,2025,10.0,593.0
AR,IMPORTS_USD_A,World Bank,A,11,11,1.0,2015,2025,10.0,593.0
AR,POPULATION_GROWTH_A,World Bank,A,11,11,1.0,2015,2025,10.0,593.0
AR,POPULATION_TOTAL_A,World Bank,A,11,11,1.0,2015,2025,10.0,593.0
TR,GROSS_CAPITAL_FORMATION_GDP_A,World Bank,A,11,11,1.0,2015,2025,10.0,593.0
TR,IMPORTS_GROWTH_A,World Bank,A,11,11,1.0,2015,2025,10.0,593.0
TR,IMPORTS_USD_A,World Bank,A,11,11,1.0,2015,2025,10.0,593.0
SA,GROSS_CAPITAL_FORMATION_GDP_A,World Bank,A,11,11,1.0,2015,2025,10.0,593.0
SA,GROSS_SAVINGS_GDP_A,World Bank,A,11,11,1.0,2015,2025,10.0,593.0
SA,IMPORTS_GROWTH_A,World Bank,A,11,11,1.0,2015,2025,10.0,593.0
BR,FDI_NET_INFLOWS_GDP_A,World Bank,A,11,11,1.0,2015,2025,10.0,593.0
FR,URBAN_POPULATION_RATE_A,World Bank,A,11,11,1.0,2015,2025,10.0,593.0
GB,CPI_YOY_A,World Bank,A,11,11,1.0,2015,2025,10.0,593.0
GB,CURRENT_ACCOUNT_GDP_A,World Bank,A,11,11,1.0,2015,2025,10.0,593.0
AR,GDP_PER_CAPITA_USD_A,World Bank,A,11,11,1.0,2015,2025,10.0,593.0
ZA,GROSS_SAVINGS_GDP_A,World Bank,A,11,11,1.0,2015,2025,10.0,593.0
ZA,IMPORTS_GROWTH_A,World Bank,A,11,11,1.0,2015,2025,10.0,593.0
ZA,IMPORTS_USD_A,World Bank,A,11,11,1.0,2015,2025,10.0,593.0
ZA,POPULATION_GROWTH_A,World Bank,A,11,11,1.0,2015,2025,10.0,593.0
ZA,POPULATION_TOTAL_A,World Bank,A,11,11,1.0,2015,2025,10.0,593.0
ZA,RESERVES_USD_A,World Bank,A,11,11,1.0,2015,2025,10.0,593.0
ZA,TRADE_GDP_A,World Bank,A,11,11,1.0,2015,2025,10.0,593.0
ZA,UNEMPLOYMENT_RATE_A,World Bank,A,11,11,1.0,2015,2025,10.0,593.0
TR,EXPORTS_USD_A,World Bank,A,11,11,1.0,2015,2025,10.0,593.0
AR,GROSS_CAPITAL_FORMATION_GDP_A,World Bank,A,11,11,1.0,2015,2025,10.0,593.0
ZA,GNI_CURRENT_USD_A,World Bank,A,11,11,1.0,2015,2025,10.0,593.0
ZA,GDP_REAL_LCU_A,World Bank,A,11,11,1.0,2015,2025,10.0,593.0
AR,EXPORTS_GROWTH_A,World Bank,A,11,11,1.0,2015,2025,10.0,593.0
AR,EXPORTS_USD_A,World Bank,A,11,11,1.0,2015,2025,10.0,593.0
AR,FDI_NET_INFLOWS_GDP_A,World Bank,A,11,11,1.0,2015,2025,10.0,593.0
ZA,URBAN_POPULATION_RATE_A,World Bank,A,11,11,1.0,2015,2025,10.0,593.0
AR,GDP_CURRENT_LCU_A,World Bank,A,11,11,1.0,2015,2025,10.0,593.0
AR,GDP_DEFLATOR_GROWTH_A,World Bank,A,11,11,1.0,2015,2025,10.0,593.0
AR,BROAD_MONEY_GDP_A,World Bank,A,11,11,1.0,2015,2025,10.0,593.0
AR,GDP_DEFLATOR_INDEX_A,World Bank,A,11,11,1.0,2015,2025,10.0,593.0
TR,EXPORTS_GROWTH_A,World Bank,A,11,11,1.0,2015,2025,10.0,593.0
BR,GDP_DEFLATOR_INDEX_A,World Bank,A,11,11,1.0,2015,2025,10.0,593.0
SA,CURRENT_ACCOUNT_GDP_A,World Bank,A,11,11,1.0,2015,2025,10.0,593.0
SA,EXPORTS_GROWTH_A,World Bank,A,11,11,1.0,2015,2025,10.0,593.0
SA,EXPORTS_USD_A,World Bank,A,11,11,1.0,2015,2025,10.0,593.0
SA,FDI_NET_INFLOWS_GDP_A,World Bank,A,11,11,1.0,2015,2025,10.0,593.0
SA,GDP_CURRENT_LCU_A,World Bank,A,11,11,1.0,2015,2025,10.0,593.0
SA,GDP_DEFLATOR_GROWTH_A,World Bank,A,11,11,1.0,2015,2025,10.0,593.0
SA,GDP_DEFLATOR_INDEX_A,World Bank,A,11,11,1.0,2015,2025,10.0,593.0
MX,GROSS_SAVINGS_GDP_A,World Bank,A,11,11,1.0,2015,2025,10.0,593.0
MX,IMPORTS_GROWTH_A,World Bank,A,11,11,1.0,2015,2025,10.0,593.0
MX,IMPORTS_USD_A,World Bank,A,11,11,1.0,2015,2025,10.0,593.0
SA,IMPORTS_USD_A,World Bank,A,11,11,1.0,2015,2025,10.0,593.0
MX,POPULATION_TOTAL_A,World Bank,A,11,11,1.0,2015,2025,10.0,593.0
MX,RESERVES_USD_A,World Bank,A,11,11,1.0,2015,2025,10.0,593.0
MX,TRADE_GDP_A,World Bank,A,11,11,1.0,2015,2025,10.0,593.0
MX,UNEMPLOYMENT_RATE_A,World Bank,A,11,11,1.0,2015,2025,10.0,593.0
MX,URBAN_POPULATION_RATE_A,World Bank,A,11,11,1.0,2015,2025,10.0,593.0
TR,INTERNET_USERS_RATE_A,World Bank,A,11,11,1.0,2015,2025,10.0,593.0
TR,POPULATION_GROWTH_A,World Bank,A,11,11,1.0,2015,2025,10.0,593.0
TR,POPULATION_TOTAL_A,World Bank,A,11,11,1.0,2015,2025,10.0,593.0
TR,RESERVES_USD_A,World Bank,A,11,11,1.0,2015,2025,10.0,593.0
TR,TRADE_GDP_A,World Bank,A,11,11,1.0,2015,2025,10.0,593.0
DE,GDP_PER_CAPITA_USD_A,World Bank,A,11,11,1.0,2015,2025,10.0,593.0
TR,URBAN_POPULATION_RATE_A,World Bank,A,11,11,1.0,2015,2025,10.0,593.0
MX,POPULATION_GROWTH_A,World Bank,A,11,11,1.0,2015,2025,10.0,593.0
SA,POPULATION_GROWTH_A,World Bank,A,11,11,1.0,2015,2025,10.0,593.0
SA,POPULATION_TOTAL_A,World Bank,A,11,11,1.0,2015,2025,10.0,593.0
SA,RESERVES_USD_A,World Bank,A,11,11,1.0,2015,2025,10.0,593.0
BR,GDP_NOMINAL_USD_A,World Bank,A,11,11,1.0,2015,2025,10.0,593.0
BR,GDP_PER_CAPITA_USD_A,World Bank,A,11,11,1.0,2015,2025,10.0,593.0
BR,GDP_REAL_GROWTH_YOY_A,World Bank,A,11,11,1.0,2015,2025,10.0,593.0
BR,GDP_REAL_LCU_A,World Bank,A,11,11,1.0,2015,2025,10.0,593.0
BR,GNI_CURRENT_USD_A,World Bank,A,11,11,1.0,2015,2025,10.0,593.0
BR,GNI_PER_CAPITA_USD_A,World Bank,A,11,11,1.0,2015,2025,10.0,593.0
BR,CPI_YOY_A,World Bank,A,11,11,1.0,2015,2025,10.0,593.0
SA,GDP_NOMINAL_USD_A,World Bank,A,11,11,1.0,2015,2025,10.0,593.0
SA,GDP_PER_CAPITA_USD_A,World Bank,A,11,11,1.0,2015,2025,10.0,593.0
BR,RESERVES_USD_A,World Bank,A,11,11,1.0,2015,2025,10.0,593.0
SA,GDP_REAL_LCU_A,World Bank,A,11,11,1.0,2015,2025,10.0,593.0
SA,GNI_CURRENT_USD_A,World Bank,A,11,11,1.0,2015,2025,10.0,593.0
SA,GNI_PER_CAPITA_USD_A,World Bank,A,11,11,1.0,2015,2025,10.0,593.0
SA,CPI_YOY_A,World Bank,A,11,11,1.0,2015,2025,10.0,593.0
ZA,GDP_NOMINAL_USD_A,World Bank,A,11,11,1.0,2015,2025,10.0,593.0
ZA,GDP_PER_CAPITA_USD_A,World Bank,A,11,11,1.0,2015,2025,10.0,593.0
BR,GROSS_CAPITAL_FORMATION_GDP_A,World Bank,A,11,11,1.0,2015,2025,10.0,593.0
BR,GROSS_SAVINGS_GDP_A,World Bank,A,11,11,1.0,2015,2025,10.0,593.0
BR,IMPORTS_GROWTH_A,World Bank,A,11,11,1.0,2015,2025,10.0,593.0
BR,IMPORTS_USD_A,World Bank,A,11,11,1.0,2015,2025,10.0,593.0
BR,POPULATION_GROWTH_A,World Bank,A,11,11,1.0,2015,2025,10.0,593.0
BR,POPULATION_TOTAL_A,World Bank,A,11,11,1.0,2015,2025,10.0,593.0
SA,GDP_REAL_GROWTH_YOY_A,World Bank,A,11,11,1.0,2015,2025,10.0,593.0
VN,EXPORTS_USD_A,World Bank,A,11,11,1.0,2015,2025,10.0,593.0
VN,GDP_CURRENT_LCU_A,World Bank,A,11,11,1.0,2015,2025,10.0,593.0
VN,GDP_DEFLATOR_GROWTH_A,World Bank,A,11,11,1.0,2015,2025,10.0,593.0
VN,GDP_DEFLATOR_INDEX_A,World Bank,A,11,11,1.0,2015,2025,10.0,593.0
VN,GDP_PER_CAPITA_USD_A,World Bank,A,11,11,1.0,2015,2025,10.0,593.0
ID,GDP_NOMINAL_USD_A,World Bank,A,11,11,1.0,2015,2025,10.0,593.0
US,POPULATION_GROWTH_A,World Bank,A,11,11,1.0,2015,2025,10.0,593.0
US,POPULATION_TOTAL_A,World Bank,A,11,11,1.0,2015,2025,10.0,593.0
US,PPI_YOY_A,FRED,A,11,11,1.0,2016,2026,10.0,228.0
US,RESERVES_USD_A,World Bank,A,11,11,1.0,2015,2025,10.0,593.0
US,UNEMPLOYMENT_RATE_A,World Bank,A,11,11,1.0,2015,2025,10.0,593.0
DE,GDP_REAL_LCU_A,World Bank,A,11,11,1.0,2015,2025,10.0,593.0
FR,GDP_REAL_LCU_A,World Bank,A,11,11,1.0,2015,2025,10.0,593.0
FR,GNI_CURRENT_USD_A,World Bank,A,11,11,1.0,2015,2025,10.0,593.0
FR,GNI_PER_CAPITA_USD_A,World Bank,A,11,11,1.0,2015,2025,10.0,593.0
FR,CPI_YOY_A,World Bank,A,11,11,1.0,2015,2025,10.0,593.0
FR,CURRENT_ACCOUNT_GDP_A,World Bank,A,11,11,1.0,2015,2025,10.0,593.0
FR,EXPORTS_GROWTH_A,World Bank,A,11,11,1.0,2015,2025,10.0,593.0
FR,FDI_NET_INFLOWS_GDP_A,World Bank,A,11,11,1.0,2015,2025,10.0,593.0
GB,GROSS_SAVINGS_GDP_A,World Bank,A,11,11,1.0,2015,2025,10.0,593.0
GB,IMPORTS_GROWTH_A,World Bank,A,11,11,1.0,2015,2025,10.0,593.0
GB,IMPORTS_USD_A,World Bank,A,11,11,1.0,2015,2025,10.0,593.0
GB,POPULATION_GROWTH_A,World Bank,A,11,11,1.0,2015,2025,10.0,593.0
GB,POPULATION_TOTAL_A,World Bank,A,11,11,1.0,2015,2025,10.0,593.0
US,URBAN_POPULATION_RATE_A,World Bank,A,11,11,1.0,2015,2025,10.0,593.0
ES,UNEMPLOYMENT_RATE_A,World Bank,A,11,11,1.0,2015,2025,10.0,593.0
ES,URBAN_POPULATION_RATE_A,World Bank,A,11,11,1.0,2015,2025,10.0,593.0
ES,GDP_REAL_LCU_A,World Bank,A,11,11,1.0,2015,2025,10.0,593.0
ES,GNI_CURRENT_USD_A,World Bank,A,11,11,1.0,2015,2025,10.0,593.0
IN,CPI_YOY_A,World Bank,A,11,11,1.0,2015,2025,10.0,593.0
IN,CURRENT_ACCOUNT_GDP_A,World Bank,A,11,11,1.0,2015,2025,10.0,593.0
IN,DOMESTIC_CREDIT_PRIVATE_GDP_A,World Bank,A,11,11,1.0,2015,2025,10.0,593.0
ID,GDP_REAL_GROWTH_YOY_A,World Bank,A,11,11,1.0,2015,2025,10.0,593.0
ID,GDP_REAL_LCU_A,World Bank,A,11,11,1.0,2015,2025,10.0,593.0
ID,GNI_CURRENT_USD_A,World Bank,A,11,11,1.0,2015,2025,10.0,593.0
ID,GNI_PER_CAPITA_USD_A,World Bank,A,11,11,1.0,2015,2025,10.0,593.0
VN,EXPORTS_GROWTH_A,World Bank,A,11,11,1.0,2015,2025,10.0,593.0
ID,IMPORTS_USD_A,World Bank,A,11,11,1.0,2015,2025,10.0,593.0
ID,CPI_YOY_A,World Bank,A,11,11,1.0,2015,2025,10.0,593.0
ID,CURRENT_ACCOUNT_GDP_A,World Bank,A,11,11,1.0,2015,2025,10.0,593.0
ID,DOMESTIC_CREDIT_PRIVATE_GDP_A,World Bank,A,11,11,1.0,2015,2025,10.0,593.0
ID,EXPORTS_USD_A,World Bank,A,11,11,1.0,2015,2025,10.0,593.0
ID,FDI_NET_INFLOWS_GDP_A,World Bank,A,11,11,1.0,2015,2025,10.0,593.0
ID,GDP_CURRENT_LCU_A,World Bank,A,11,11,1.0,2015,2025,10.0,593.0
ID,GDP_DEFLATOR_GROWTH_A,World Bank,A,11,11,1.0,2015,2025,10.0,593.0
ID,GDP_DEFLATOR_INDEX_A,World Bank,A,11,11,1.0,2015,2025,10.0,593.0
FR,GDP_CURRENT_LCU_A,World Bank,A,11,11,1.0,2015,2025,10.0,593.0
FR,GDP_DEFLATOR_GROWTH_A,World Bank,A,11,11,1.0,2015,2025,10.0,593.0
FR,GDP_DEFLATOR_INDEX_A,World Bank,A,11,11,1.0,2015,2025,10.0,593.0
ID,GROSS_CAPITAL_FORMATION_GDP_A,World Bank,A,11,11,1.0,2015,2025,10.0,593.0
GB,GDP_PER_CAPITA_USD_A,World Bank,A,11,11,1.0,2015,2025,10.0,593.0
VN,CPI_YOY_A,World Bank,A,11,11,1.0,2015,2025,10.0,593.0
FR,TRADE_GDP_A,World Bank,A,11,11,1.0,2015,2025,10.0,593.0
ZA,GNI_PER_CAPITA_USD_A,World Bank,A,11,11,1.0,2015,2025,10.0,593.0
SA,TRADE_GDP_A,World Bank,A,11,11,1.0,2015,2025,10.0,593.0
SA,UNEMPLOYMENT_RATE_A,World Bank,A,11,11,1.0,2015,2025,10.0,593.0
AR,RESERVES_USD_A,World Bank,A,11,11,1.0,2015,2025,10.0,593.0
AR,TRADE_GDP_A,World Bank,A,11,11,1.0,2015,2025,10.0,593.0
AR,UNEMPLOYMENT_RATE_A,World Bank,A,11,11,1.0,2015,2025,10.0,593.0
AR,URBAN_POPULATION_RATE_A,World Bank,A,11,11,1.0,2015,2025,10.0,593.0
BR,BROAD_MONEY_GDP_A,World Bank,A,11,11,1.0,2015,2025,10.0,593.0
GB,RESERVES_USD_A,World Bank,A,11,11,1.0,2015,2025,10.0,593.0
AR,GDP_REAL_LCU_A,World Bank,A,11,11,1.0,2015,2025,10.0,593.0
AR,GNI_CURRENT_USD_A,World Bank,A,11,11,1.0,2015,2025,10.0,593.0
AR,GNI_PER_CAPITA_USD_A,World Bank,A,11,11,1.0,2015,2025,10.0,593.0
SA,URBAN_POPULATION_RATE_A,World Bank,A,11,11,1.0,2015,2025,10.0,593.0
TR,BROAD_MONEY_GDP_A,World Bank,A,11,11,1.0,2015,2025,10.0,593.0
TR,CPI_YOY_A,World Bank,A,11,11,1.0,2015,2025,10.0,593.0
ZA,GDP_REAL_GROWTH_YOY_A,World Bank,A,11,11,1.0,2015,2025,10.0,593.0
AR,CURRENT_ACCOUNT_GDP_A,World Bank,A,11,11,1.0,2015,2025,10.0,593.0
AR,GROSS_SAVINGS_GDP_A,World Bank,A,11,11,1.0,2015,2025,10.0,593.0
TR,GDP_REAL_LCU_A,World Bank,A,11,11,1.0,2015,2025,10.0,593.0
TR,GDP_REAL_GROWTH_YOY_A,World Bank,A,11,11,1.0,2015,2025,10.0,593.0
FR,UNEMPLOYMENT_RATE_A,World Bank,A,11,11,1.0,2015,2025,10.0,593.0
AR,GDP_REAL_GROWTH_YOY_A,World Bank,A,11,11,1.0,2015,2025,10.0,593.0
GB,TRADE_GDP_A,World Bank,A,11,11,1.0,2015,2025,10.0,593.0
GB,UNEMPLOYMENT_RATE_A,World Bank,A,11,11,1.0,2015,2025,10.0,593.0
GB,URBAN_POPULATION_RATE_A,World Bank,A,11,11,1.0,2015,2025,10.0,593.0
GB,GDP_REAL_GROWTH_YOY_A,World Bank,A,11,11,1.0,2015,2025,10.0,593.0
GB,GDP_REAL_LCU_A,World Bank,A,11,11,1.0,2015,2025,10.0,593.0
GB,GNI_CURRENT_USD_A,World Bank,A,11,11,1.0,2015,2025,10.0,593.0
FR,GROSS_CAPITAL_FORMATION_GDP_A,World Bank,A,11,11,1.0,2015,2025,10.0,593.0
FR,GROSS_SAVINGS_GDP_A,World Bank,A,11,11,1.0,2015,2025,10.0,593.0
FR,IMPORTS_GROWTH_A,World Bank,A,11,11,1.0,2015,2025,10.0,593.0
FR,IMPORTS_USD_A,World Bank,A,11,11,1.0,2015,2025,10.0,593.0
FR,POPULATION_GROWTH_A,World Bank,A,11,11,1.0,2015,2025,10.0,593.0
GB,GDP_NOMINAL_USD_A,World Bank,A,11,11,1.0,2015,2025,10.0,593.0
FR,RESERVES_USD_A,World Bank,A,11,11,1.0,2015,2025,10.0,593.0
FR,GDP_NOMINAL_USD_A,World Bank,A,11,11,1.0,2015,2025,10.0,593.0
FR,GDP_PER_CAPITA_USD_A,World Bank,A,11,11,1.0,2015,2025,10.0,593.0
FR,GDP_REAL_GROWTH_YOY_A,World Bank,A,11,11,1.0,2015,2025,10.0,593.0
GB,GNI_PER_CAPITA_USD_A,World Bank,A,11,11,1.0,2015,2025,10.0,593.0
GB,GROSS_CAPITAL_FORMATION_GDP_A,World Bank,A,11,11,1.0,2015,2025,10.0,593.0
GB,EXPORTS_GROWTH_A,World Bank,A,11,11,1.0,2015,2025,10.0,593.0
GB,EXPORTS_USD_A,World Bank,A,11,11,1.0,2015,2025,10.0,593.0
GB,FDI_NET_INFLOWS_GDP_A,World Bank,A,11,11,1.0,2015,2025,10.0,593.0
GB,GDP_CURRENT_LCU_A,World Bank,A,11,11,1.0,2015,2025,10.0,593.0
GB,GDP_DEFLATOR_GROWTH_A,World Bank,A,11,11,1.0,2015,2025,10.0,593.0
GB,GDP_DEFLATOR_INDEX_A,World Bank,A,11,11,1.0,2015,2025,10.0,593.0
FR,POPULATION_TOTAL_A,World Bank,A,11,11,1.0,2015,2025,10.0,593.0
IT,GDP_REAL_GROWTH_YOY_A,World Bank,A,11,11,1.0,2015,2025,10.0,593.0
IT,GDP_REAL_LCU_A,World Bank,A,11,11,1.0,2015,2025,10.0,593.0
IT,GNI_CURRENT_USD_A,World Bank,A,11,11,1.0,2015,2025,10.0,593.0
IT,GNI_PER_CAPITA_USD_A,World Bank,A,11,11,1.0,2015,2025,10.0,593.0
IN,UNEMPLOYMENT_RATE_A,World Bank,A,11,11,1.0,2015,2025,10.0,593.0
VN,IMPORTS_GROWTH_A,World Bank,A,11,11,1.0,2015,2025,10.0,593.0
VN,IMPORTS_USD_A,World Bank,A,11,11,1.0,2015,2025,10.0,593.0
VN,POPULATION_GROWTH_A,World Bank,A,11,11,1.0,2015,2025,10.0,593.0
DE,POPULATION_GROWTH_A,World Bank,A,11,11,1.0,2015,2025,10.0,593.0
DE,POPULATION_TOTAL_A,World Bank,A,11,11,1.0,2015,2025,10.0,593.0
DE,RESERVES_USD_A,World Bank,A,11,11,1.0,2015,2025,10.0,593.0
ES,TRADE_GDP_A,World Bank,A,11,11,1.0,2015,2025,10.0,593.0
DE,UNEMPLOYMENT_RATE_A,World Bank,A,11,11,1.0,2015,2025,10.0,593.0
DE,URBAN_POPULATION_RATE_A,World Bank,A,11,11,1.0,2015,2025,10.0,593.0
DE,GNI_PER_CAPITA_USD_A,World Bank,A,11,11,1.0,2015,2025,10.0,593.0
IN,URBAN_POPULATION_RATE_A,World Bank,A,11,11,1.0,2015,2025,10.0,593.0
IT,CPI_YOY_A,World Bank,A,11,11,1.0,2015,2025,10.0,593.0
IT,CURRENT_ACCOUNT_GDP_A,World Bank,A,11,11,1.0,2015,2025,10.0,593.0
IT,EXPORTS_GROWTH_A,World Bank,A,11,11,1.0,2015,2025,10.0,593.0
IT,EXPORTS_USD_A,World Bank,A,11,11,1.0,2015,2025,10.0,593.0
IT,FDI_NET_INFLOWS_GDP_A,World Bank,A,11,11,1.0,2015,2025,10.0,593.0
IT,GDP_CURRENT_LCU_A,World Bank,A,11,11,1.0,2015,2025,10.0,593.0
ES,CPI_YOY_A,World Bank,A,11,11,1.0,2015,2025,10.0,593.0
ES,CURRENT_ACCOUNT_GDP_A,World Bank,A,11,11,1.0,2015,2025,10.0,593.0
DE,TRADE_GDP_A,World Bank,A,11,11,1.0,2015,2025,10.0,593.0
DE,GDP_REAL_GROWTH_YOY_A,World Bank,A,11,11,1.0,2015,2025,10.0,593.0
TR,DOMESTIC_CREDIT_PRIVATE_GDP_A,World Bank,A,11,11,1.0,2015,2025,10.0,593.0
DE,GNI_CURRENT_USD_A,World Bank,A,11,11,1.0,2015,2025,10.0,593.0
CN,UNEMPLOYMENT_RATE_A,World Bank,A,11,11,1.0,2015,2025,10.0,593.0
CN,URBAN_POPULATION_RATE_A,World Bank,A,11,11,1.0,2015,2025,10.0,593.0
DE,CPI_YOY_A,World Bank,A,11,11,1.0,2015,2025,10.0,593.0
US,GDP_REAL_LCU_A,World Bank,A,11,11,1.0,2015,2025,10.0,593.0
US,GNI_CURRENT_USD_A,World Bank,A,11,11,1.0,2015,2025,10.0,593.0
US,GNI_PER_CAPITA_USD_A,World Bank,A,11,11,1.0,2015,2025,10.0,593.0
IT,GROSS_CAPITAL_FORMATION_GDP_A,World Bank,A,11,11,1.0,2015,2025,10.0,593.0
IT,GROSS_SAVINGS_GDP_A,World Bank,A,11,11,1.0,2015,2025,10.0,593.0
IT,GDP_PER_CAPITA_USD_A,World Bank,A,11,11,1.0,2015,2025,10.0,593.0
IT,IMPORTS_USD_A,World Bank,A,11,11,1.0,2015,2025,10.0,593.0
IT,POPULATION_GROWTH_A,World Bank,A,11,11,1.0,2015,2025,10.0,593.0
IT,GDP_DEFLATOR_GROWTH_A,World Bank,A,11,11,1.0,2015,2025,10.0,593.0
DE,GROSS_CAPITAL_FORMATION_GDP_A,World Bank,A,11,11,1.0,2015,2025,10.0,593.0
DE,GROSS_SAVINGS_GDP_A,World Bank,A,11,11,1.0,2015,2025,10.0,593.0
DE,IMPORTS_GROWTH_A,World Bank,A,11,11,1.0,2015,2025,10.0,593.0
DE,IMPORTS_USD_A,World Bank,A,11,11,1.0,2015,2025,10.0,593.0
DE,FDI_NET_INFLOWS_GDP_A,World Bank,A,11,11,1.0,2015,2025,10.0,593.0
DE,GDP_CURRENT_LCU_A,World Bank,A,11,11,1.0,2015,2025,10.0,593.0
DE,GDP_DEFLATOR_GROWTH_A,World Bank,A,11,11,1.0,2015,2025,10.0,593.0
IT,GDP_DEFLATOR_INDEX_A,World Bank,A,11,11,1.0,2015,2025,10.0,593.0
IT,GDP_NOMINAL_USD_A,World Bank,A,11,11,1.0,2015,2025,10.0,593.0
IT,IMPORTS_GROWTH_A,World Bank,A,11,11,1.0,2015,2025,10.0,593.0
ES,GNI_PER_CAPITA_USD_A,World Bank,A,11,11,1.0,2015,2025,10.0,593.0
ES,GROSS_CAPITAL_FORMATION_GDP_A,World Bank,A,11,11,1.0,2015,2025,10.0,593.0
ES,GROSS_SAVINGS_GDP_A,World Bank,A,11,11,1.0,2015,2025,10.0,593.0
ES,IMPORTS_GROWTH_A,World Bank,A,11,11,1.0,2015,2025,10.0,593.0
ES,EXPORTS_USD_A,World Bank,A,11,11,1.0,2015,2025,10.0,593.0
ES,FDI_NET_INFLOWS_GDP_A,World Bank,A,11,11,1.0,2015,2025,10.0,593.0
ES,GDP_CURRENT_LCU_A,World Bank,A,11,11,1.0,2015,2025,10.0,593.0
ES,GDP_DEFLATOR_GROWTH_A,World Bank,A,11,11,1.0,2015,2025,10.0,593.0
IN,GDP_CURRENT_LCU_A,World Bank,A,11,11,1.0,2015,2025,10.0,593.0
IN,GDP_DEFLATOR_GROWTH_A,World Bank,A,11,11,1.0,2015,2025,10.0,593.0
IN,GDP_DEFLATOR_INDEX_A,World Bank,A,11,11,1.0,2015,2025,10.0,593.0
VN,GNI_CURRENT_USD_A,World Bank,A,11,11,1.0,2015,2025,10.0,593.0
ID,POPULATION_GROWTH_A,World Bank,A,11,11,1.0,2015,2025,10.0,593.0
ID,POPULATION_TOTAL_A,World Bank,A,11,11,1.0,2015,2025,10.0,593.0
ID,RESERVES_USD_A,World Bank,A,11,11,1.0,2015,2025,10.0,593.0
ID,TRADE_GDP_A,World Bank,A,11,11,1.0,2015,2025,10.0,593.0
ID,UNEMPLOYMENT_RATE_A,World Bank,A,11,11,1.0,2015,2025,10.0,593.0
ID,URBAN_POPULATION_RATE_A,World Bank,A,11,11,1.0,2015,2025,10.0,593.0
VN,GDP_REAL_GROWTH_YOY_A,World Bank,A,11,11,1.0,2015,2025,10.0,593.0
VN,GDP_REAL_LCU_A,World Bank,A,11,11,1.0,2015,2025,10.0,593.0
ES,IMPORTS_USD_A,World Bank,A,11,11,1.0,2015,2025,10.0,593.0
ES,POPULATION_GROWTH_A,World Bank,A,11,11,1.0,2015,2025,10.0,593.0
ES,POPULATION_TOTAL_A,World Bank,A,11,11,1.0,2015,2025,10.0,593.0
ES,RESERVES_USD_A,World Bank,A,11,11,1.0,2015,2025,10.0,593.0
IN,GDP_NOMINAL_USD_A,World Bank,A,11,11,1.0,2015,2025,10.0,593.0
VN,GNI_PER_CAPITA_USD_A,World Bank,A,11,11,1.0,2015,2025,10.0,593.0
VN,GROSS_CAPITAL_FORMATION_GDP_A,World Bank,A,11,11,1.0,2015,2025,10.0,593.0
US,INDUSTRIAL_OUTPUT_YOY_A,FRED,A,11,11,1.0,2016,2026,10.0,228.0
IN,GROSS_CAPITAL_FORMATION_GDP_A,World Bank,A,11,11,1.0,2015,2025,10.0,593.0
IN,GROSS_SAVINGS_GDP_A,World Bank,A,11,11,1.0,2015,2025,10.0,593.0
IN,IMPORTS_GROWTH_A,World Bank,A,11,11,1.0,2015,2025,10.0,593.0
IN,IMPORTS_USD_A,World Bank,A,11,11,1.0,2015,2025,10.0,593.0
IN,INTERNET_USERS_RATE_A,World Bank,A,11,11,1.0,2015,2025,10.0,593.0
IN,POPULATION_GROWTH_A,World Bank,A,11,11,1.0,2015,2025,10.0,593.0
IN,POPULATION_TOTAL_A,World Bank,A,11,11,1.0,2015,2025,10.0,593.0
IN,RESERVES_USD_A,World Bank,A,11,11,1.0,2015,2025,10.0,593.0
IN,FDI_NET_INFLOWS_GDP_A,World Bank,A,11,11,1.0,2015,2025,10.0,593.0
IN,TRADE_GDP_A,World Bank,A,11,11,1.0,2015,2025,10.0,593.0
IN,GDP_PER_CAPITA_USD_A,World Bank,A,11,11,1.0,2015,2025,10.0,593.0
ES,GDP_DEFLATOR_INDEX_A,World Bank,A,11,11,1.0,2015,2025,10.0,593.0
ES,GDP_NOMINAL_USD_A,World Bank,A,11,11,1.0,2015,2025,10.0,593.0
ES,GDP_PER_CAPITA_USD_A,World Bank,A,11,11,1.0,2015,2025,10.0,593.0
ES,GDP_REAL_GROWTH_YOY_A,World Bank,A,11,11,1.0,2015,2025,10.0,593.0
IN,GDP_REAL_GROWTH_YOY_A,World Bank,A,11,11,1.0,2015,2025,10.0,593.0
IN,GDP_REAL_LCU_A,World Bank,A,11,11,1.0,2015,2025,10.0,593.0
IN,GNI_CURRENT_USD_A,World Bank,A,11,11,1.0,2015,2025,10.0,593.0
IN,GNI_PER_CAPITA_USD_A,World Bank,A,11,11,1.0,2015,2025,10.0,593.0
IN,EXPORTS_GROWTH_A,World Bank,A,11,11,1.0,2015,2025,10.0,593.0
IN,EXPORTS_USD_A,World Bank,A,11,11,1.0,2015,2025,10.0,593.0
IN,SCHOOL_ENROLLMENT_TERTIARY_A,World Bank,A,11,11,1.0,2015,2025,10.0,593.0
AR,DOMESTIC_CREDIT_PRIVATE_GDP_A,World Bank,A,10,10,1.0,2015,2025,10.0,593.0
AR,ELECTRIC_POWER_CONSUMPTION_A,World Bank,A,10,10,1.0,2015,2024,9.0,959.0
AR,ENERGY_USE_PER_CAPITA_A,World Bank,A,10,10,1.0,2015,2024,9.0,959.0
ZA,INTERNET_USERS_RATE_A,World Bank,A,10,10,1.0,2015,2024,9.0,959.0
ZA,LIFE_EXPECTANCY_A,World Bank,A,10,10,1.0,2015,2024,9.0,959.0
ZA,MILITARY_EXPENDITURE_GDP_A,World Bank,A,10,10,1.0,2015,2024,9.0,959.0
ZA,TAX_REVENUE_GDP_A,World Bank,A,10,10,1.0,2015,2024,9.0,959.0
IT,LIFE_EXPECTANCY_A,World Bank,A,10,10,1.0,2015,2024,9.0,959.0
TR,FDI_NET_INFLOWS_GDP_A,World Bank,A,10,10,1.0,2015,2024,9.0,959.0
TR,CURRENT_ACCOUNT_GDP_A,World Bank,A,10,10,1.0,2015,2024,9.0,959.0
TR,ELECTRIC_POWER_CONSUMPTION_A,World Bank,A,10,10,1.0,2015,2024,9.0,959.0
TR,ENERGY_USE_PER_CAPITA_A,World Bank,A,10,10,1.0,2015,2024,9.0,959.0
TR,GOV_DEBT_GDP_A,World Bank,A,10,10,1.0,2015,2024,9.0,959.0
TR,GOV_NET_LENDING_GDP_A,World Bank,A,10,10,1.0,2015,2024,9.0,959.0
TR,GOV_REVENUE_GDP_A,World Bank,A,10,10,1.0,2015,2024,9.0,959.0
SA,LIFE_EXPECTANCY_A,World Bank,A,10,10,1.0,2015,2024,9.0,959.0
TR,GROSS_SAVINGS_GDP_A,World Bank,A,10,10,1.0,2015,2024,9.0,959.0
SA,GOV_REVENUE_GDP_A,World Bank,A,10,10,1.0,2015,2024,9.0,959.0
SA,INTERNET_USERS_RATE_A,World Bank,A,10,10,1.0,2015,2024,9.0,959.0
SA,TAX_REVENUE_GDP_A,World Bank,A,10,10,1.0,2015,2024,9.0,959.0
SA,MILITARY_EXPENDITURE_GDP_A,World Bank,A,10,10,1.0,2015,2024,9.0,959.0
MX,MILITARY_EXPENDITURE_GDP_A,World Bank,A,10,10,1.0,2015,2024,9.0,959.0
SA,GOV_NET_LENDING_GDP_A,World Bank,A,10,10,1.0,2015,2024,9.0,959.0
TR,TAX_REVENUE_GDP_A,World Bank,A,10,10,1.0,2015,2024,9.0,959.0
TR,MILITARY_EXPENDITURE_GDP_A,World Bank,A,10,10,1.0,2015,2024,9.0,959.0
MX,LIFE_EXPECTANCY_A,World Bank,A,10,10,1.0,2015,2024,9.0,959.0
MX,INTERNET_USERS_RATE_A,World Bank,A,10,10,1.0,2015,2024,9.0,959.0
TR,LIFE_EXPECTANCY_A,World Bank,A,10,10,1.0,2015,2024,9.0,959.0
MX,SCHOOL_ENROLLMENT_TERTIARY_A,World Bank,A,10,10,1.0,2015,2024,9.0,959.0
JP,GROSS_SAVINGS_GDP_A,World Bank,A,10,10,1.0,2015,2024,9.0,959.0
US,EXPORTS_USD_A,World Bank,A,10,10,1.0,2015,2024,9.0,959.0
US,EXPORTS_GROWTH_A,World Bank,A,10,10,1.0,2015,2024,9.0,959.0
US,ENERGY_USE_PER_CAPITA_A,World Bank,A,10,10,1.0,2015,2024,9.0,959.0
US,ELECTRIC_POWER_CONSUMPTION_A,World Bank,A,10,10,1.0,2015,2024,9.0,959.0
US,CPI_YOY_A,World Bank,A,10,10,1.0,2015,2024,9.0,959.0
MX,ENERGY_USE_PER_CAPITA_A,World Bank,A,10,10,1.0,2015,2024,9.0,959.0
MX,ELECTRIC_POWER_CONSUMPTION_A,World Bank,A,10,10,1.0,2015,2024,9.0,959.0
MX,GOV_REVENUE_GDP_A,World Bank,A,10,10,1.0,2015,2024,9.0,959.0
MX,GOV_NET_LENDING_GDP_A,World Bank,A,10,10,1.0,2015,2024,9.0,959.0
IT,GOV_NET_LENDING_GDP_A,World Bank,A,10,10,1.0,2015,2024,9.0,959.0
JP,GROSS_CAPITAL_FORMATION_GDP_A,World Bank,A,10,10,1.0,2015,2024,9.0,959.0
JP,ELECTRIC_POWER_CONSUMPTION_A,World Bank,A,10,10,1.0,2015,2024,9.0,959.0
JP,ENERGY_USE_PER_CAPITA_A,World Bank,A,10,10,1.0,2015,2024,9.0,959.0
JP,EXPORTS_USD_A,World Bank,A,10,10,1.0,2015,2024,9.0,959.0
JP,EXPORTS_GROWTH_A,World Bank,A,10,10,1.0,2015,2024,9.0,959.0
US,GOV_DEBT_GDP_A,World Bank,A,10,10,1.0,2015,2024,9.0,959.0
IT,TAX_REVENUE_GDP_A,World Bank,A,10,10,1.0,2015,2024,9.0,959.0
IT,MILITARY_EXPENDITURE_GDP_A,World Bank,A,10,10,1.0,2015,2024,9.0,959.0
IT,INTERNET_USERS_RATE_A,World Bank,A,10,10,1.0,2015,2024,9.0,959.0
JP,IMPORTS_GROWTH_A,World Bank,A,10,10,1.0,2015,2024,9.0,959.0
JP,IMPORTS_USD_A,World Bank,A,10,10,1.0,2015,2024,9.0,959.0
JP,INTERNET_USERS_RATE_A,World Bank,A,10,10,1.0,2015,2024,9.0,959.0
JP,LIFE_EXPECTANCY_A,World Bank,A,10,10,1.0,2015,2024,9.0,959.0
JP,MILITARY_EXPENDITURE_GDP_A,World Bank,A,10,10,1.0,2015,2024,9.0,959.0
JP,TRADE_GDP_A,World Bank,A,10,10,1.0,2015,2024,9.0,959.0
IT,GOV_REVENUE_GDP_A,World Bank,A,10,10,1.0,2015,2024,9.0,959.0
US,TRADE_GDP_A,World Bank,A,10,10,1.0,2015,2024,9.0,959.0
IN,LIFE_EXPECTANCY_A,World Bank,A,10,10,1.0,2015,2024,9.0,959.0
IN,MILITARY_EXPENDITURE_GDP_A,World Bank,A,10,10,1.0,2015,2024,9.0,959.0
US,LIFE_EXPECTANCY_A,World Bank,A,10,10,1.0,2015,2024,9.0,959.0
US,INTERNET_USERS_RATE_A,World Bank,A,10,10,1.0,2015,2024,9.0,959.0
US,IMPORTS_USD_A,World Bank,A,10,10,1.0,2015,2024,9.0,959.0
US,MILITARY_EXPENDITURE_GDP_A,World Bank,A,10,10,1.0,2015,2024,9.0,959.0
US,IMPORTS_GROWTH_A,World Bank,A,10,10,1.0,2015,2024,9.0,959.0
US,GROSS_SAVINGS_GDP_A,World Bank,A,10,10,1.0,2015,2024,9.0,959.0
US,GOV_REVENUE_GDP_A,World Bank,A,10,10,1.0,2015,2024,9.0,959.0
US,GROSS_CAPITAL_FORMATION_GDP_A,World Bank,A,10,10,1.0,2015,2024,9.0,959.0
US,GOV_NET_LENDING_GDP_A,World Bank,A,10,10,1.0,2015,2024,9.0,959.0
IT,ENERGY_USE_PER_CAPITA_A,World Bank,A,10,10,1.0,2015,2024,9.0,959.0
IT,ELECTRIC_POWER_CONSUMPTION_A,World Bank,A,10,10,1.0,2015,2024,9.0,959.0
IT,DOMESTIC_CREDIT_PRIVATE_GDP_A,World Bank,A,10,10,1.0,2015,2024,9.0,959.0
ZA,GOV_REVENUE_GDP_A,World Bank,A,10,10,1.0,2015,2024,9.0,959.0
ZA,GOV_NET_LENDING_GDP_A,World Bank,A,10,10,1.0,2015,2024,9.0,959.0
ZA,GOV_DEBT_GDP_A,World Bank,A,10,10,1.0,2015,2024,9.0,959.0
AR,GOV_NET_LENDING_GDP_A,World Bank,A,10,10,1.0,2015,2024,9.0,959.0
AR,GOV_REVENUE_GDP_A,World Bank,A,10,10,1.0,2015,2024,9.0,959.0
AR,MILITARY_EXPENDITURE_GDP_A,World Bank,A,10,10,1.0,2015,2024,9.0,959.0
BR,ELECTRIC_POWER_CONSUMPTION_A,World Bank,A,10,10,1.0,2015,2024,9.0,959.0
BR,GOV_DEBT_GDP_A,World Bank,A,10,10,1.0,2015,2024,9.0,959.0
BR,LIFE_EXPECTANCY_A,World Bank,A,10,10,1.0,2015,2024,9.0,959.0
BR,GOV_REVENUE_GDP_A,World Bank,A,10,10,1.0,2015,2024,9.0,959.0
BR,INTERNET_USERS_RATE_A,World Bank,A,10,10,1.0,2015,2024,9.0,959.0
AR,TAX_REVENUE_GDP_A,World Bank,A,10,10,1.0,2015,2024,9.0,959.0
AR,INTERNET_USERS_RATE_A,World Bank,A,10,10,1.0,2015,2024,9.0,959.0
BR,ENERGY_USE_PER_CAPITA_A,World Bank,A,10,10,1.0,2015,2024,9.0,959.0
CN,GOV_REVENUE_GDP_A,World Bank,A,10,10,1.0,2015,2024,9.0,959.0
ID,MILITARY_EXPENDITURE_GDP_A,World Bank,A,10,10,1.0,2015,2024,9.0,959.0
US,TAX_REVENUE_GDP_A,World Bank,A,10,10,1.0,2015,2024,9.0,959.0
ID,INTERNET_USERS_RATE_A,World Bank,A,10,10,1.0,2015,2024,9.0,959.0
ID,LIFE_EXPECTANCY_A,World Bank,A,10,10,1.0,2015,2024,9.0,959.0
GB,INTERNET_USERS_RATE_A,World Bank,A,10,10,1.0,2015,2024,9.0,959.0
FR,TAX_REVENUE_GDP_A,World Bank,A,10,10,1.0,2015,2024,9.0,959.0
GB,BROAD_MONEY_GDP_A,World Bank,A,10,10,1.0,2015,2024,9.0,959.0
GB,ELECTRIC_POWER_CONSUMPTION_A,World Bank,A,10,10,1.0,2015,2024,9.0,959.0
GB,DOMESTIC_CREDIT_PRIVATE_GDP_A,World Bank,A,10,10,1.0,2015,2024,9.0,959.0
VN,CURRENT_ACCOUNT_GDP_A,World Bank,A,10,10,1.0,2015,2024,9.0,959.0
FR,SCHOOL_ENROLLMENT_TERTIARY_A,World Bank,A,10,10,1.0,2015,2024,9.0,959.0
GB,GOV_REVENUE_GDP_A,World Bank,A,10,10,1.0,2015,2024,9.0,959.0
GB,GOV_NET_LENDING_GDP_A,World Bank,A,10,10,1.0,2015,2024,9.0,959.0
GB,GOV_DEBT_GDP_A,World Bank,A,10,10,1.0,2015,2024,9.0,959.0
GB,TAX_REVENUE_GDP_A,World Bank,A,10,10,1.0,2015,2024,9.0,959.0
GB,MILITARY_EXPENDITURE_GDP_A,World Bank,A,10,10,1.0,2015,2024,9.0,959.0
GB,LIFE_EXPECTANCY_A,World Bank,A,10,10,1.0,2015,2024,9.0,959.0
ES,MILITARY_EXPENDITURE_GDP_A,World Bank,A,10,10,1.0,2015,2024,9.0,959.0
FR,ENERGY_USE_PER_CAPITA_A,World Bank,A,10,10,1.0,2015,2024,9.0,959.0
VN,FDI_NET_INFLOWS_GDP_A,World Bank,A,10,10,1.0,2015,2024,9.0,959.0
ES,INTERNET_USERS_RATE_A,World Bank,A,10,10,1.0,2015,2024,9.0,959.0
FR,MILITARY_EXPENDITURE_GDP_A,World Bank,A,10,10,1.0,2015,2024,9.0,959.0
FR,GOV_NET_LENDING_GDP_A,World Bank,A,10,10,1.0,2015,2024,9.0,959.0
FR,DOMESTIC_CREDIT_PRIVATE_GDP_A,World Bank,A,10,10,1.0,2015,2024,9.0,959.0
FR,ELECTRIC_POWER_CONSUMPTION_A,World Bank,A,10,10,1.0,2015,2024,9.0,959.0
ES,SCHOOL_ENROLLMENT_TERTIARY_A,World Bank,A,10,10,1.0,2015,2024,9.0,959.0
ES,LIFE_EXPECTANCY_A,World Bank,A,10,10,1.0,2015,2024,9.0,959.0
FR,GOV_REVENUE_GDP_A,World Bank,A,10,10,1.0,2015,2024,9.0,959.0
GB,ENERGY_USE_PER_CAPITA_A,World Bank,A,10,10,1.0,2015,2024,9.0,959.0
FR,LIFE_EXPECTANCY_A,World Bank,A,10,10,1.0,2015,2024,9.0,959.0
FR,INTERNET_USERS_RATE_A,World Bank,A,10,10,1.0,2015,2024,9.0,959.0
CN,MILITARY_EXPENDITURE_GDP_A,World Bank,A,10,10,1.0,2015,2024,9.0,959.0
CN,TAX_REVENUE_GDP_A,World Bank,A,10,10,1.0,2015,2024,9.0,959.0
DE,GOV_NET_LENDING_GDP_A,World Bank,A,10,10,1.0,2015,2024,9.0,959.0
DE,GOV_REVENUE_GDP_A,World Bank,A,10,10,1.0,2015,2024,9.0,959.0
DE,MILITARY_EXPENDITURE_GDP_A,World Bank,A,10,10,1.0,2015,2024,9.0,959.0
DE,TAX_REVENUE_GDP_A,World Bank,A,10,10,1.0,2015,2024,9.0,959.0
DE,LIFE_EXPECTANCY_A,World Bank,A,10,10,1.0,2015,2024,9.0,959.0
VN,LIFE_EXPECTANCY_A,World Bank,A,10,10,1.0,2015,2024,9.0,959.0
VN,INTERNET_USERS_RATE_A,World Bank,A,10,10,1.0,2015,2024,9.0,959.0
DE,SCHOOL_ENROLLMENT_TERTIARY_A,World Bank,A,10,10,1.0,2015,2024,9.0,959.0
VN,GROSS_SAVINGS_GDP_A,World Bank,A,10,10,1.0,2015,2024,9.0,959.0
ES,ELECTRIC_POWER_CONSUMPTION_A,World Bank,A,10,10,1.0,2015,2024,9.0,959.0
ES,ENERGY_USE_PER_CAPITA_A,World Bank,A,10,10,1.0,2015,2024,9.0,959.0
ES,DOMESTIC_CREDIT_PRIVATE_GDP_A,World Bank,A,10,10,1.0,2015,2024,9.0,959.0
ES,GOV_REVENUE_GDP_A,World Bank,A,10,10,1.0,2015,2024,9.0,959.0
ES,GOV_NET_LENDING_GDP_A,World Bank,A,10,10,1.0,2015,2024,9.0,959.0
ES,GOV_DEBT_GDP_A,World Bank,A,10,10,1.0,2015,2024,9.0,959.0
ES,TAX_REVENUE_GDP_A,World Bank,A,10,10,1.0,2015,2024,9.0,959.0
CN,BROAD_MONEY_GDP_A,World Bank,A,10,10,1.0,2015,2024,9.0,959.0
BR,GOV_NET_LENDING_GDP_A,World Bank,A,10,10,1.0,2015,2024,9.0,959.0
DE,INTERNET_USERS_RATE_A,World Bank,A,10,10,1.0,2015,2024,9.0,959.0
DE,ELECTRIC_POWER_CONSUMPTION_A,World Bank,A,10,10,1.0,2015,2024,9.0,959.0
DE,ENERGY_USE_PER_CAPITA_A,World Bank,A,10,10,1.0,2015,2024,9.0,959.0
CN,SCHOOL_ENROLLMENT_TERTIARY_A,World Bank,A,10,10,1.0,2015,2024,9.0,959.0
CN,LIFE_EXPECTANCY_A,World Bank,A,10,10,1.0,2015,2024,9.0,959.0
ZA,DOMESTIC_CREDIT_PRIVATE_GDP_A,World Bank,A,10,10,1.0,2015,2024,9.0,959.0
CN,GROSS_SAVINGS_GDP_A,World Bank,A,10,10,1.0,2015,2024,9.0,959.0
CN,GROSS_CAPITAL_FORMATION_GDP_A,World Bank,A,10,10,1.0,2015,2024,9.0,959.0
BR,TAX_REVENUE_GDP_A,World Bank,A,10,10,1.0,2015,2024,9.0,959.0
CN,DOMESTIC_CREDIT_PRIVATE_GDP_A,World Bank,A,10,10,1.0,2015,2024,9.0,959.0
CN,UNEMPLOYMENT_RATE_A,IMF,A,10,10,1.0,2017,2026,9.0,228.0
SA,SCHOOL_ENROLLMENT_TERTIARY_A,World Bank,A,9,9,1.0,2015,2024,9.0,959.0
ZA,SCHOOL_ENROLLMENT_TERTIARY_A,World Bank,A,9,9,1.0,2015,2023,8.0,1324.0
TR,GOV_EXPENSE_GDP_A,World Bank,A,9,9,1.0,2015,2023,8.0,1324.0
AR,SCHOOL_ENROLLMENT_TERTIARY_A,World Bank,A,9,9,1.0,2015,2023,8.0,1324.0
BR,SCHOOL_ENROLLMENT_TERTIARY_A,World Bank,A,9,9,1.0,2015,2024,9.0,959.0
ZA,ENERGY_USE_PER_CAPITA_A,World Bank,A,9,9,1.0,2015,2023,8.0,1324.0
BR,GOV_EXPENSE_GDP_A,World Bank,A,9,9,1.0,2015,2023,8.0,1324.0
TR,SCHOOL_ENROLLMENT_TERTIARY_A,World Bank,A,9,9,1.0,2015,2023,8.0,1324.0
IT,GOV_EXPENSE_GDP_A,World Bank,A,9,9,1.0,2015,2023,8.0,1324.0
IT,SCHOOL_ENROLLMENT_TERTIARY_A,World Bank,A,9,9,1.0,2015,2023,8.0,1324.0
JP,SCHOOL_ENROLLMENT_TERTIARY_A,World Bank,A,9,9,1.0,2015,2023,8.0,1324.0
MX,GOV_EXPENSE_GDP_A,World Bank,A,9,9,1.0,2015,2023,8.0,1324.0
SA,ENERGY_USE_PER_CAPITA_A,World Bank,A,9,9,1.0,2015,2023,8.0,1324.0
SA,ELECTRIC_POWER_CONSUMPTION_A,World Bank,A,9,9,1.0,2015,2023,8.0,1324.0
SA,GOV_EXPENSE_GDP_A,World Bank,A,9,9,1.0,2015,2023,8.0,1324.0
IN,ENERGY_USE_PER_CAPITA_A,World Bank,A,9,9,1.0,2015,2023,8.0,1324.0
US,GOV_EXPENSE_GDP_A,World Bank,A,9,9,1.0,2015,2023,8.0,1324.0
IN,ELECTRIC_POWER_CONSUMPTION_A,World Bank,A,9,9,1.0,2015,2023,8.0,1324.0
IN,UNEMPLOYMENT_RATE_A,IMF,A,9,9,1.0,2018,2026,8.0,228.0
VN,ELECTRIC_POWER_CONSUMPTION_A,World Bank,A,9,9,1.0,2015,2023,8.0,1324.0
ID,ENERGY_USE_PER_CAPITA_A,World Bank,A,9,9,1.0,2015,2023,8.0,1324.0
VN,ENERGY_USE_PER_CAPITA_A,World Bank,A,9,9,1.0,2015,2023,8.0,1324.0
FR,GOV_EXPENSE_GDP_A,World Bank,A,9,9,1.0,2015,2023,8.0,1324.0
AR,GOV_EXPENSE_GDP_A,World Bank,A,9,9,1.0,2015,2023,8.0,1324.0
ZA,ELECTRIC_POWER_CONSUMPTION_A,World Bank,A,9,9,1.0,2015,2023,8.0,1324.0
CN,ELECTRIC_POWER_CONSUMPTION_A,World Bank,A,9,9,1.0,2015,2023,8.0,1324.0
CN,ENERGY_USE_PER_CAPITA_A,World Bank,A,9,9,1.0,2015,2023,8.0,1324.0
ES,GOV_EXPENSE_GDP_A,World Bank,A,9,9,1.0,2015,2023,8.0,1324.0
GB,GOV_EXPENSE_GDP_A,World Bank,A,9,9,1.0,2015,2023,8.0,1324.0
DE,DOMESTIC_CREDIT_PRIVATE_GDP_A,World Bank,A,9,9,1.0,2015,2023,8.0,1324.0
JP,GOV_EXPENSE_GDP_A,World Bank,A,8,8,1.0,2015,2022,7.0,1689.0
VN,SCHOOL_ENROLLMENT_TERTIARY_A,World Bank,A,8,8,1.0,2015,2024,9.0,959.0
ZA,GOV_EXPENSE_GDP_A,World Bank,A,8,8,1.0,2015,2022,7.0,1689.0
DE,GOV_EXPENSE_GDP_A,World Bank,A,8,8,1.0,2015,2022,7.0,1689.0
US,SCHOOL_ENROLLMENT_TERTIARY_A,World Bank,A,8,8,1.0,2015,2022,7.0,1689.0
VN,BROAD_MONEY_GDP_A,World Bank,A,8,8,1.0,2015,2022,7.0,1689.0
VN,DOMESTIC_CREDIT_PRIVATE_GDP_A,World Bank,A,8,8,1.0,2015,2022,7.0,1689.0
AR,CPI_YOY_A,World Bank,A,7,7,1.0,2018,2024,6.0,959.0
IN,BROAD_MONEY_GDP_A,World Bank,A,7,7,1.0,2015,2021,6.0,2054.0
MX,GOV_DEBT_GDP_A,World Bank,A,6,6,1.0,2019,2024,5.0,959.0
IN,GOV_NET_LENDING_GDP_A,World Bank,A,5,5,1.0,2015,2022,7.0,1689.0
IN,GOV_EXPENSE_GDP_A,World Bank,A,5,5,1.0,2015,2022,7.0,1689.0
IN,TAX_REVENUE_GDP_A,World Bank,A,5,5,1.0,2015,2022,7.0,1689.0
IN,GOV_REVENUE_GDP_A,World Bank,A,5,5,1.0,2015,2022,7.0,1689.0
IN,GOV_DEBT_GDP_A,World Bank,A,4,4,1.0,2015,2018,3.0,3150.0
VN,MILITARY_EXPENDITURE_GDP_A,World Bank,A,4,4,1.0,2015,2018,3.0,3150.0
SA,BROAD_MONEY_GDP_A,World Bank,A,3,3,1.0,2015,2017,2.0,3515.0
SA,DOMESTIC_CREDIT_PRIVATE_GDP_A,World Bank,A,3,3,1.0,2015,2017,2.0,3515.0
CN,INDUSTRIAL_OUTPUT_YOY_A,National Bureau of Statistics of China,A,1,1,1.0,2024,2024,0.0,959.0
CN,PPI_YOY_A,National Bureau of Statistics of China,A,1,1,1.0,2024,2024,0.0,959.0
CN,CPI_YOY_A,National Bureau of Statistics of China,A,1,1,1.0,2024,2024,0.0,959.0
