indicator_code,indicator_name_zh,frequency,asset_tier,classification_reason,historical_rows,forecast_rows,raw_standardized_rows,country_count,source_count,start_date,end_date
CPI_YOY_A,居民消费价格指数同比,A,core,多国、多源且历史观测充足,959,85,1044,17,2,1980,2026
CPI_YOY_M,调和居民消费价格指数同比,M,core,多国、多源且历史观测充足,2830,0,2830,17,2,2015-01,2026-07
CURRENT_ACCOUNT_GDP_A,经常账户余额占GDP比重,A,core,多国、多源且历史观测充足,967,85,1052,17,2,1980,2026
GDP_CURRENT_LCU_A,本币计价名义GDP,A,core,多国、多源且历史观测充足,980,85,1065,17,2,1980,2026
GDP_DEFLATOR_INDEX_A,GDP平减指数,A,core,多国、多源且历史观测充足,979,85,1064,17,2,1980,2026
GDP_NOMINAL_USD_A,名义GDP,A,core,多国、多源且历史观测充足,986,85,1071,17,2,1980,2026
GDP_PER_CAPITA_USD_A,人均GDP,A,core,多国、多源且历史观测充足,986,85,1071,17,2,1980,2026
GDP_REAL_GROWTH_YOY_A,实际GDP增速,A,core,多国、多源且历史观测充足,986,85,1071,17,2,1980,2026
GDP_REAL_LCU_A,本币计价实际GDP,A,core,多国、多源且历史观测充足,986,85,1071,17,2,1980,2026
GOV_DEBT_GDP_A,政府债务占GDP比重,A,core,多国、多源且历史观测充足,664,85,749,17,2,1980,2026
GOV_EXPENSE_GDP_A,政府支出占GDP比重,A,core,多国、多源且历史观测充足,743,85,828,17,2,1980,2026
GOV_NET_LENDING_GDP_A,政府净借贷占GDP比重,A,core,多国、多源且历史观测充足,748,85,833,17,2,1980,2026
GOV_REVENUE_GDP_A,政府收入占GDP比重,A,core,多国、多源且历史观测充足,770,85,855,17,2,1980,2026
GROSS_CAPITAL_FORMATION_GDP_A,资本形成总额占GDP比重,A,core,多国、多源且历史观测充足,983,85,1068,17,2,1980,2026
GROSS_SAVINGS_GDP_A,国民总储蓄占GDP比重,A,core,多国、多源且历史观测充足,970,85,1055,17,2,1980,2026
POPULATION_TOTAL_A,总人口,A,core,多国、多源且历史观测充足,986,85,1071,17,2,1980,2026
UNEMPLOYMENT_RATE_A,失业率,A,core,多国、多源且历史观测充足,865,80,945,17,2,1980,2026
DOMESTIC_CREDIT_PRIVATE_GDP_A,对私营部门国内信贷占GDP比重,A,extended,具备一定广度或多源能力，仍需增强,167,0,167,17,1,2015,2025
ELECTRIC_POWER_CONSUMPTION_A,人均电力消费,A,extended,具备一定广度或多源能力，仍需增强,164,0,164,17,1,2015,2024
ENERGY_USE_PER_CAPITA_A,人均能源使用量,A,extended,具备一定广度或多源能力，仍需增强,164,0,164,17,1,2015,2024
EXPORTS_USD_A,货物和服务出口,A,extended,具备一定广度或多源能力，仍需增强,185,0,185,17,1,2015,2025
FDI_NET_INFLOWS_GDP_A,外商直接投资净流入占GDP比重,A,extended,具备一定广度或多源能力，仍需增强,185,0,185,17,1,2015,2025
GDP_DEFLATOR_GROWTH_A,GDP平减指数增速,A,extended,具备一定广度或多源能力，仍需增强,187,0,187,17,1,2015,2025
GNI_PER_CAPITA_USD_A,人均国民总收入,A,extended,具备一定广度或多源能力，仍需增强,187,0,187,17,1,2015,2025
IMPORTS_USD_A,货物和服务进口,A,extended,具备一定广度或多源能力，仍需增强,185,0,185,17,1,2015,2025
INTERNET_USERS_RATE_A,互联网使用率,A,extended,具备一定广度或多源能力，仍需增强,173,0,173,17,1,2015,2025
LIFE_EXPECTANCY_A,预期寿命,A,extended,具备一定广度或多源能力，仍需增强,170,0,170,17,1,2015,2024
POPULATION_GROWTH_A,人口增长率,A,extended,具备一定广度或多源能力，仍需增强,187,0,187,17,1,2015,2025
SCHOOL_ENROLLMENT_TERTIARY_A,高等教育毛入学率,A,extended,具备一定广度或多源能力，仍需增强,158,0,158,17,1,2015,2025
TRADE_GDP_A,贸易开放度,A,extended,具备一定广度或多源能力，仍需增强,185,0,185,17,1,2015,2025
URBAN_POPULATION_RATE_A,城镇人口比重,A,extended,具备一定广度或多源能力，仍需增强,187,0,187,17,1,2015,2025
EXPORTS_GROWTH_A,出口实际增速,A,extended,具备一定广度或多源能力，仍需增强,174,0,174,16,1,2015,2025
GNI_CURRENT_USD_A,国民总收入,A,extended,具备一定广度或多源能力，仍需增强,176,0,176,16,1,2015,2025
IMPORTS_GROWTH_A,进口实际增速,A,extended,具备一定广度或多源能力，仍需增强,174,0,174,16,1,2015,2025
MILITARY_EXPENDITURE_GDP_A,军费支出占GDP比重,A,extended,具备一定广度或多源能力，仍需增强,154,0,154,16,1,2015,2024
RESERVES_USD_A,外汇储备,A,extended,具备一定广度或多源能力，仍需增强,165,0,165,15,1,2015,2025
TAX_REVENUE_GDP_A,税收收入占GDP比重,A,extended,具备一定广度或多源能力，仍需增强,135,0,135,14,1,2015,2024
BROAD_MONEY_GDP_A,广义货币占GDP比重,A,extended,具备一定广度或多源能力，仍需增强,126,0,126,13,1,2015,2025
EXCHANGE_RATE_USD_D,本币兑美元汇率,D,extended,具备一定广度或多源能力，仍需增强,32900,0,32900,11,1,2015-01-01,2026-08-11
GDP_REAL_GROWTH_YOY_Q,季度实际GDP同比增速,Q,extended,具备一定广度或多源能力，仍需增强,230,0,230,5,1,2015-Q1,2026-Q2
INDUSTRIAL_PRODUCTION_INDEX_M,工业生产指数,M,extended,具备一定广度或多源能力，仍需增强,690,0,690,5,1,2015-01,2026-06
EXCHANGE_RATE_USD_A,本币兑美元汇率,A,insufficient,缺少有效历史观测,0,0,0,0,0,,
EXCHANGE_RATE_USD_M,本币兑美元汇率,M,insufficient,缺少有效历史观测,0,0,0,0,0,,
INDUSTRIAL_OUTPUT_YOY_A,工业生产同比,A,insufficient,缺少有效历史观测,0,0,0,0,0,,
INDUSTRIAL_OUTPUT_YOY_M,工业生产同比,M,insufficient,缺少有效历史观测,0,0,0,0,0,,
PPI_YOY_A,生产者价格指数同比,A,insufficient,缺少有效历史观测,0,0,0,0,0,,
PPI_YOY_M,生产者价格指数同比,M,insufficient,缺少有效历史观测,0,0,0,0,0,,
UNEMPLOYMENT_RATE_M,月度失业率,M,specialized,国家专属或低覆盖指标,552,0,552,4,1,2015-01,2026-06
CN_CPI_YOY_M,中国居民消费价格指数同比,M,specialized,国家专属或低覆盖指标,12,0,12,1,1,2024-01,2024-12
CN_INDUSTRIAL_VALUE_ADDED_YOY_M,中国规模以上工业增加值同比,M,specialized,国家专属或低覆盖指标,11,0,11,1,1,2024-02,2024-12
CN_PPI_YOY_M,中国工业生产者出厂价格指数同比,M,specialized,国家专属或低覆盖指标,12,0,12,1,1,2024-01,2024-12
EUR_USD_EXCHANGE_RATE_D,欧元兑美元参考汇率,D,specialized,国家专属或低覆盖指标,2972,0,2972,1,1,2015-01-02,2026-08-12
US_10Y_TREASURY_RATE_M,美国10年期国债收益率,M,specialized,国家专属或低覆盖指标,139,0,139,1,1,2015-01,2026-07
US_2Y_TREASURY_RATE_M,美国2年期国债收益率,M,specialized,国家专属或低覆盖指标,139,0,139,1,1,2015-01,2026-07
US_CORE_CPI_INDEX_M,美国核心CPI指数,M,specialized,国家专属或低覆盖指标,138,0,138,1,1,2015-01,2026-07
US_CPI_INDEX_M,美国居民消费价格指数,M,specialized,国家专属或低覆盖指标,138,0,138,1,1,2015-01,2026-07
US_FED_FUNDS_RATE_M,美国联邦基金有效利率,M,specialized,国家专属或低覆盖指标,139,0,139,1,1,2015-01,2026-07
US_HOUSING_STARTS_M,美国新屋开工,M,specialized,国家专属或低覆盖指标,138,0,138,1,1,2015-01,2026-06
US_INDUSTRIAL_PRODUCTION_M,美国工业生产指数,M,specialized,国家专属或低覆盖指标,138,0,138,1,1,2015-01,2026-06
US_M2_MONEY_STOCK_M,美国M2货币存量,M,specialized,国家专属或低覆盖指标,138,0,138,1,1,2015-01,2026-06
US_NONFARM_PAYROLLS_M,美国非农就业人数,M,specialized,国家专属或低覆盖指标,139,0,139,1,1,2015-01,2026-07
US_PPI_INDEX_M,美国生产者价格指数,M,specialized,国家专属或低覆盖指标,138,0,138,1,1,2015-01,2026-06
US_RETAIL_SALES_M,美国零售销售额,M,specialized,国家专属或低覆盖指标,138,0,138,1,1,2015-01,2026-06
US_UNEMPLOYMENT_RATE_M,美国失业率,M,specialized,国家专属或低覆盖指标,138,0,138,1,1,2015-01,2026-07
CN_RETAIL_SALES_YOY_M,中国社会消费品零售总额同比,M,pending,已登记元数据，尚无通过质量门禁的正式观测,0,0,0,0,0,,
CN_FIXED_ASSET_INVESTMENT_YTD_YOY_M,中国固定资产投资累计同比,M,pending,已登记元数据，尚无通过质量门禁的正式观测,0,0,0,0,0,,
CN_URBAN_SURVEYED_UNEMPLOYMENT_RATE_M,中国城镇调查失业率,M,pending,已登记元数据，尚无通过质量门禁的正式观测,0,0,0,0,0,,
CN_MANUFACTURING_PMI_M,中国制造业采购经理指数,M,pending,已登记元数据，尚无通过质量门禁的正式观测,0,0,0,0,0,,
CN_M1_YOY_M,中国狭义货币 M1 同比,M,pending,已登记元数据，尚无通过质量门禁的正式观测,0,0,0,0,0,,
CN_M2_YOY_M,中国广义货币 M2 同比,M,pending,已登记元数据，尚无通过质量门禁的正式观测,0,0,0,0,0,,
CN_TOTAL_SOCIAL_FINANCING_FLOW_M,中国社会融资规模增量,M,pending,已登记元数据，尚无通过质量门禁的正式观测,0,0,0,0,0,,
CN_EXPORTS_USD_YOY_M,中国出口金额同比,M,pending,已登记元数据，尚无通过质量门禁的正式观测,0,0,0,0,0,,
CN_IMPORTS_USD_YOY_M,中国进口金额同比,M,pending,已登记元数据，尚无通过质量门禁的正式观测,0,0,0,0,0,,
